n,%adqui
0.5,990
0.3333333333333333,684
0.4,444
0.6666666666666666,325
0.42857142857142855,290
0.375,275
0.25,272
0.4444444444444444,243
0.5714285714285714,239
0.6,223
1.0,218
0.2857142857142857,216
0.0,214
0.36363636363636365,202
0.45454545454545453,201
0.5555555555555556,164
0.3,154
0.2,152
0.38461538461538464,149
0.4166666666666667,138
0.46153846153846156,136
0.3076923076923077,132
0.35714285714285715,123
0.5454545454545454,122
0.75,114
0.2727272727272727,114
0.625,105
0.4375,101
0.4666666666666667,100
0.35294117647058826,100
0.4117647058823529,93
0.42105263157894735,92
0.8,91
0.2222222222222222,90
0.47058823529411764,90
0.3684210526315789,89
0.16666666666666666,89
0.5384615384615384,88
0.3888888888888889,88
0.4090909090909091,85
0.3125,85
0.5333333333333333,81
0.47368421052631576,81
0.29411764705882354,75
0.5625,75
0.5294117647058824,75
0.45,74
0.391304347826087,74
0.23076923076923078,73
0.7142857142857143,72
0.5833333333333334,70
0.26666666666666666,68
0.5263157894736842,67
0.38095238095238093,67
0.34782608695652173,66
0.47619047619047616,66
0.3157894736842105,65
0.2777777777777778,65
0.43478260869565216,63
0.34615384615384615,62
0.35,61
0.5882352941176471,59
0.41379310344827586,57
0.3181818181818182,55
0.21428571428571427,54
0.6153846153846154,54
0.36,53
0.37037037037037035,52
0.14285714285714285,50
0.23529411764705882,49
0.5238095238095238,48
0.6363636363636364,46
0.4074074074074074,46
0.18181818181818182,45
0.7,45
0.3793103448275862,44
0.32,44
0.32142857142857145,42
0.44,42
0.6923076923076923,41
0.39285714285714285,41
0.5217391304347826,41
0.48,41
0.3448275862068966,40
0.4583333333333333,40
0.4782608695652174,40
0.4642857142857143,39
0.48148148148148145,39
0.6428571428571429,38
0.40625,37
0.8333333333333334,37
0.125,37
0.2631578947368421,37
0.52,36
0.2692307692307692,36
0.30434782608695654,36
0.7272727272727273,36
0.56,36
0.2962962962962963,34
0.4230769230769231,34
0.3225806451612903,34
0.28,32
0.1875,32
0.5185185185185185,31
0.45161290322580644,31
0.3103448275862069,31
0.22727272727272727,31
0.38235294117647056,30
0.3783783783783784,30
0.4482758620689655,30
0.5416666666666666,30
0.2916666666666667,30
0.35135135135135137,30
0.4827586206896552,30
0.3548387096774194,29
0.4411764705882353,29
0.4186046511627907,29
0.3870967741935484,29
0.42424242424242425,29
0.36666666666666664,28
0.46875,28
0.5789473684210527,28
0.2608695652173913,28
0.55,27
0.2571428571428571,27
0.4318181818181818,26
0.43333333333333335,26
0.41935483870967744,26
0.5769230769230769,26
0.21739130434782608,26
0.30303030303030304,26
0.4857142857142857,26
0.4838709677419355,25
0.3235294117647059,25
0.21052631578947367,25
0.5652173913043478,25
0.34210526315789475,25
0.6190476190476191,25
0.2972972972972973,24
0.5909090909090909,23
0.5172413793103449,23
0.28125,23
0.2647058823529412,23
0.34146341463414637,23
0.24242424242424243,23
0.4358974358974359,22
0.34375,22
0.34285714285714286,22
0.2903225806451613,22
0.3170731707317073,22
0.3142857142857143,22
0.41025641025641024,21
0.43902439024390244,21
0.48717948717948717,21
0.3488372093023256,21
0.27586206896551724,21
0.1111111111111111,21
0.25925925925925924,21
0.39473684210526316,20
0.631578947368421,20
0.3611111111111111,20
0.25806451612903225,20
0.15384615384615385,20
0.24,20
0.17647058823529413,20
0.36538461538461536,20
0.475,20
0.3409090909090909,20
0.5135135135135135,20
0.43137254901960786,19
0.32432432432432434,19
0.35555555555555557,19
0.6111111111111112,19
0.5428571428571428,19
0.3958333333333333,19
0.40816326530612246,19
0.37142857142857144,19
0.5151515151515151,19
0.5483870967741935,18
0.5161290322580645,18
0.4523809523809524,18
0.2413793103448276,18
0.5357142857142857,18
0.3953488372093023,18
0.6470588235294118,18
0.41304347826086957,18
0.4722222222222222,18
0.3939393939393939,18
0.5666666666666667,18
0.40476190476190477,18
0.425,17
0.358974358974359,17
0.5588235294117647,17
0.7058823529411765,17
0.3055555555555556,17
0.3902439024390244,17
0.45714285714285713,17
0.3673469387755102,17
0.4473684210526316,17
0.2564102564102564,17
0.3469387755102041,17
0.34545454545454546,17
0.23809523809523808,16
0.37735849056603776,16
0.3584905660377358,16
0.40425531914893614,16
0.5121951219512195,16
0.19047619047619047,16
0.45194424064563465,16
0.53125,16
0.8571428571428571,16
0.45098039215686275,16
0.20689655172413793,16
0.4594594594594595,16
0.3829787234042553,16
0.5142857142857142,16
0.4418604651162791,16
0.37777777777777777,15
0.6071428571428571,15
0.1,15
0.33359936153232245,15
0.275,15
0.36585365853658536,15
0.4634146341463415,15
0.3191489361702128,15
0.525,15
0.3877551020408163,15
0.3090909090909091,15
0.15789473684210525,15
0.5609756097560976,15
0.48484848484848486,15
0.43243243243243246,15
0.48936170212765956,15
0.425531914893617,15
0.4447653429602888,15
0.32558139534883723,15
0.3695652173913043,15
0.4565043894652833,15
0.29545454545454547,15
0.46511627906976744,15
0.37209302325581395,14
0.32608695652173914,14
0.3023255813953488,14
0.5517241379310345,14
0.15,14
0.40540540540540543,14
0.6875,14
0.2702702702702703,14
0.5106382978723404,14
0.22857142857142856,14
0.3111111111111111,14
0.38,14
0.24324324324324326,14
0.5925925925925926,14
0.4146341463414634,14
0.46808510638297873,13
0.64,13
0.49019607843137253,13
0.5405405405405406,13
0.41299638989169674,13
0.2926829268292683,13
0.46938775510204084,13
0.39622641509433965,13
0.22580645161290322,13
0.47494217424826524,13
0.5806451612903226,13
0.4107142857142857,13
0.5777777777777777,13
0.4864864864864865,13
0.42,13
0.2653061224489796,13
0.6086956521739131,13
0.32727272727272727,12
0.20833333333333334,12
0.37254901960784315,12
0.4888888888888889,12
0.2978723404255319,12
0.6129032258064516,12
0.4883720930232558,12
0.38636363636363635,12
0.3687150837988827,12
0.5227272727272727,12
0.4222222222222222,12
0.32281731474688186,12
0.3117076808351976,12
0.6333333333333333,12
0.38181818181818183,12
0.30952380952380953,12
0.4807692307692308,12
0.325,12
0.5526315789473685,12
0.4670204700530705,12
0.39373601789709173,12
0.7692307692307693,11
0.4489795918367347,11
0.4423076923076923,11
0.418194161575017,11
0.6538461538461539,11
0.27906976744186046,11
0.6296296296296297,11
0.3392857142857143,11
0.5094339622641509,11
0.65,11
0.3404255319148936,11
0.6842105263157895,11
0.28205128205128205,11
0.3968627450980392,11
0.47576435495898584,11
0.4909090909090909,11
0.42405551272166536,11
0.42888086642599277,11
0.27889634601043994,10
0.4070932922127988,10
0.08333333333333333,10
0.5757575757575758,10
0.5576923076923077,10
0.4205669083717864,10
0.35115722266560256,10
0.42592592592592593,10
0.41509433962264153,10
0.4831372549019608,10
0.4358033749082905,10
0.39732441471571905,10
0.5510204081632653,10
0.32858112695179903,10
0.41698256254738436,10
0.33962264150943394,10
0.5862068965517241,10
0.30612244897959184,10
0.46,10
0.43969676085458304,10
0.4060646011865524,10
0.5581395348837209,10
0.2894736842105263,10
0.3975077881619938,10
0.5116279069767442,10
0.41567529741077675,10
0.6818181818181818,10
0.20588235294117646,10
0.3752665245202559,9
0.35185185185185186,9
0.43636363636363634,9
0.4464660601819454,9
0.441017733230532,9
0.23333333333333334,9
0.34351663272233535,9
0.3617021276595745,9
0.3891345546430828,9
0.41014168530947054,9
0.4331296673455533,9
0.6521739130434783,9
0.2549019607843137,9
0.4772727272727273,9
0.34,9
0.40352164343360236,9
0.18518518518518517,9
0.17391304347826086,9
0.5277777777777778,9
0.13333333333333333,9
0.356386292834891,9
0.7777777777777778,9
0.21621621621621623,9
0.6551724137931034,9
0.42217484008528783,9
0.11764705882352941,9
0.28846153846153844,9
0.41818181818181815,9
0.32228218966846567,9
0.07142857142857142,9
0.46296296296296297,9
0.4690831556503198,9
0.19230769230769232,9
0.4878048780487805,9
0.41486411536328344,9
0.1951219512195122,8
0.3697478991596639,8
0.5526137135098439,8
0.5003668378576669,8
0.1935483870967742,8
0.4727272727272727,8
0.5272727272727272,8
0.47653429602888087,8
0.3160415003990423,8
0.3873807776962582,8
0.5003445899379738,8
0.32075471698113206,8
0.4897959183673469,8
0.5155065472088215,8
0.21212121212121213,8
0.5476190476190477,8
0.24489795918367346,8
0.37316885119506554,8
0.36789297658862874,8
0.575,8
0.38656330749354006,8
0.3148148148148148,8
0.3541666666666667,8
0.41411764705882353,8
0.4038308060654429,8
0.4093728463128877,8
0.17857142857142858,8
0.59375,8
0.43781094527363185,8
0.3773303504847129,8
0.42675585284280937,8
0.37861094038106946,8
0.3638869745003446,8
0.45652173913043476,8
0.5370370370370371,8
0.4336618650492798,8
0.47406225059856344,8
0.5348837209302325,8
0.3137254901960784,8
0.2909090909090909,8
0.3515673017824216,8
0.2682926829268293,8
0.4028352037802717,8
0.39156229400131837,8
0.4579799537393986,8
0.13636363636363635,8
0.473967684021544,8
0.44680851063829785,8
0.5945945945945946,8
0.49162011173184356,7
0.29848363926576216,7
0.48561872909698994,7
0.2837746096401901,7
0.3877202956225128,7
0.30357142857142855,7
0.3796078431372549,7
0.34230999401555956,7
0.23255813953488372,7
0.225,7
0.4310706787963611,7
0.41966250917094644,7
0.28888888888888886,7
0.44574515983791085,7
0.5365853658536586,7
0.5897435897435898,7
0.2619047619047619,7
0.32811334824757643,7
0.5128205128205128,7
0.2708333333333333,7
0.33804548248309774,7
0.5535714285714286,7
0.3269230769230769,7
0.47857613711272246,7
0.40024257125530627,7
0.34196891191709844,7
0.5319148936170213,7
0.27450980392156865,7
0.4213886671987231,7
0.42654735272184935,7
0.2553191489361702,7
0.4678086237448317,7
0.574468085106383,7
0.2558139534883721,7
0.40325865580448067,7
0.34307992202729043,7
0.5003344481605351,7
0.5146198830409356,7
0.39461883408071746,7
0.4429530201342282,7
0.4108810393828664,7
0.26,7
0.48518263266712613,7
0.49379799173065564,7
0.5003158559696779,7
0.39421088904204,7
0.48641819330385344,7
0.5283018867924528,7
0.39215686274509803,7
0.5531914893617021,7
0.34399431414356785,7
0.21875,7
0.7333333333333333,7
0.40384615384615385,7
0.2905355832721937,7
0.297480024585126,7
0.3169067475360121,7
0.2765957446808511,7
0.4716981132075472,7
0.5208333333333334,7
0.3531772575250836,7
0.3335276967930029,7
0.07692307692307693,7
0.37904893177119225,7
0.23636363636363636,7
0.22916666666666666,6
0.45034116755117515,6
0.8181818181818182,6
0.34945848375451266,6
0.3220073183481443,6
0.4495715227422544,6
0.4257377842283503,6
0.36270608300170554,6
0.5071651090342679,6
0.3523382447149263,6
0.3869011522134627,6
0.5176470588235295,6
0.3971119133574007,6
0.34635568513119536,6
0.44314489928525014,6
0.38122743682310467,6
0.4919043947571318,6
0.4528301886792453,6
0.47084002140181913,6
0.18604651162790697,6
0.3818073010173549,6
0.2826086956521739,6
0.36694465504169826,6
0.6956521739130435,6
0.4389465283320032,6
0.3474415666456096,6
0.5091779728651237,6
0.33358605003790753,6
0.338958180484226,6
0.3686415320167564,6
0.4660436137071651,6
0.24581005586592178,6
0.9090909090909091,6
0.3602183141297756,6
0.4420941300898995,6
0.29333333333333333,6
0.5813953488372093,6
0.407636159460977,6
0.3018867924528302,6
0.3335138061721711,6
0.276078431372549,6
0.6785714285714286,6
0.49363250454821106,6
0.285899935022742,6
0.24074074074074073,6
0.4570466030320045,6
0.3066764490095378,6
0.4597418561770129,6
0.2890348660939869,6
0.41358399029714976,6
0.26249067859806113,6
0.5376782077393075,6
0.8235294117647058,6
0.3546344271732873,6
0.4159427695452223,6
0.32330300909727083,6
0.46588235294117647,6
0.20930232558139536,6
0.4168922577152139,6
0.516507703595011,6
0.46508648302370276,6
0.4480651731160896,6
0.31272210376687987,6
0.5306122448979592,6
0.397667638483965,6
0.540072202166065,6
0.09090909090909091,6
0.3057485786481364,6
0.5670962850644428,6
0.5003921568627451,6
0.37009345794392523,6
0.48214285714285715,6
0.4924187725631769,6
0.32784313725490194,6
0.7222222222222222,6
0.3392444101773323,6
0.31781701444622795,6
0.49056603773584906,6
0.33869839048285516,6
0.36508912108174557,6
0.3884430176565008,6
0.46064981949458483,6
0.3530985287561302,6
0.16,6
0.5853658536585366,6
0.54,6
0.3862729449321628,6
0.2700361010830325,6
0.32653061224489793,6
0.2953020134228188,6
0.16216216216216217,6
0.4836997725549659,6
0.4934579439252336,6
0.37734343837255685,6
0.2582538517975055,5
0.5088666152659984,5
0.4414715719063545,5
0.5675492192803802,5
0.4158298877731837,5
0.7083333333333334,5
0.5496476617552851,5
0.4432930339666091,5
0.3384615384615385,5
0.3770599868160844,5
0.5304109589041096,5
0.5197873597164796,5
0.3079076277116865,5
0.4335522991409803,5
0.2641509433962264,5
0.3241511851377322,5
0.4821917808219178,5
0.6060606060606061,5
0.22641509433962265,5
0.509090909090909,5
0.30969139144558744,5
0.2835481425322214,5
0.49327354260089684,5
0.1936903888481291,5
0.6206896551724138,5
0.41998877035373383,5
0.35547576301615796,5
0.30022744503411675,5
0.5434782608695652,5
0.3045484508899143,5
0.4397801099450275,5
0.5850244926522044,5
0.4188260179799048,5
0.5936777178103315,5
0.34805537244561635,5
0.4812895797351756,5
0.566128067025733,5
0.41049562682215746,5
0.31840110268780153,5
0.3426791277258567,5
0.33926453143534996,5
0.3335530652603823,5
0.48471926083866385,5
0.411214953271028,5
0.47463556851311955,5
0.48678549477566074,5
0.4113897152571186,5
0.37355973317161917,5
0.2841100505334082,5
0.3816221284575715,5
0.44642857142857145,5
0.30180505415162456,5
0.48602988953866144,5
0.41455490578297594,5
0.7037037037037037,5
0.3295880149812734,5
0.5718411552346571,5
0.26785714285714285,5
0.4802910855063675,5
0.22448979591836735,5
0.35845213849287166,5
0.4941044357102751,5
0.7857142857142857,5
0.5316275764036958,5
0.43447037701974867,5
0.20512820512820512,5
0.37123991195891415,5
0.2545454545454545,5
0.40794701986754967,5
0.6451612903225806,5
0.17777777777777778,5
0.23684210526315788,5
0.2391304347826087,5
0.44763614602034707,5
0.2900461437046803,5
0.4586228679722047,5
0.35509904622157007,5
0.2633679169992019,5
0.23763501989766914,5
0.13043478260869565,5
0.3694891532540238,5
0.4125644631973746,5
0.3193033381712627,5
0.266868840030326,5
0.40498105035192206,5
0.6136363636363636,5
0.5432098765432098,5
0.37523689197725835,5
0.36065573770491804,5
0.37825845812534664,5
0.06666666666666667,5
0.4842259721203228,5
0.6046511627906976,5
0.42884990253411304,5
0.4791666666666667,5
0.29431438127090304,5
0.4514697726012202,5
0.18421052631578946,5
0.058823529411764705,5
0.5178571428571429,5
0.40025990903183883,5
0.28092577813248204,5
0.3495890410958904,5
0.45808219178082193,5
0.44862745098039214,5
0.39621791985592075,5
0.38488453463960814,5
0.36534296028880864,5
0.46407382992748847,5
0.47002067539627845,5
0.17142857142857143,5
0.4883595018949648,5
0.4287856071964018,5
0.35822571588994945,5
0.4926522043386984,5
0.3335204941044357,5
0.4339622641509434,5
0.253683536194747,5
0.32930339666090963,5
0.31058823529411766,5
0.39090262970859985,5
0.42326191517271533,5
0.4939550949913644,5
0.47173489278752434,5
0.5170583775587566,5
0.3896601244614648,4
0.22236260265319013,4
0.5972120322817315,4
0.3725205611998065,4
0.48807542983915697,4
0.36382428940568473,4
0.45262587980508934,4
0.4416222859483818,4
0.38984051978735973,4
0.3762145355616012,4
0.32983508245877063,4
0.45284825275251317,4
0.34165280088740985,4
0.5471698113207547,4
0.1724137931034483,4
0.25018953752843065,4
0.2415686274509804,4
0.40020212228398183,4
0.5306685044796692,4
0.4228058936579116,4
0.27414330218068533,4
0.5002066969822241,4
0.5476472914195334,4
0.5490196078431373,4
0.4446939921392476,4
0.10526315789473684,4
0.6896551724137931,4
0.49287169042769857,4
0.43397260273972604,4
0.4683115626511853,4
0.5681818181818182,4
0.5085756897837435,4
0.5138291333743086,4
0.6388888888888888,4
0.21553533939818054,4
0.5131195335276968,4
0.4702137335152342,4
0.5740740740740741,4
0.4394390140246494,4
0.29596412556053814,4
0.44602739726027396,4
0.33599444637278725,4
0.2880771881461061,4
0.446220036877689,4
0.45595854922279794,4
0.2764811490125673,4
0.5003553660270078,4
0.43031784841075793,4
0.26054002842254853,4
0.43552701979668274,4
0.5060115002613695,4
0.32238504295098536,4
0.5675675675675675,4
0.31944975162399697,4
0.21568627450980393,4
0.6122448979591837,4
0.20705882352941177,4
0.2659758203799655,4
0.2544333076329992,4
0.4241542379046926,4
0.4617691154422789,4
0.2406447898675878,4
0.3806228373702422,4
0.40250914793518033,4
0.27291523087525843,4
0.5504169825625473,4
0.6764705882352942,4
0.42453480358373535,4
0.4132476520019773,4
0.3736986301369863,4
0.3492063492063492,4
0.3838006230529595,4
0.8888888888888888,4
0.3562066306861989,4
0.47587354409317806,4
0.440200090950432,4
0.6410256410256411,4
0.3848396501457726,4
0.5266307600239377,4
0.34559735427862753,4
0.4056545789797173,4
0.5598267460747157,4
0.6222222222222222,4
0.40194884287454324,4
0.38401469912723935,4
0.4472980203317282,4
0.5849056603773585,4
0.5741983594332588,4
0.1590909090909091,4
0.2814498933901919,4
0.2168309325246399,4
0.43564356435643564,4
0.39149777558082055,4
0.4669024759979788,4
0.22825219473264166,4
0.5767154973014649,4
0.5559065066329754,4
0.24390243902439024,4
0.28785046728971964,4
0.4563222975668129,4
0.44466902475997977,4
0.2743947175348496,4
0.45077461269365315,4
0.5002773155851359,4
0.3536977491961415,4
0.36092468307233405,4
0.3001949317738791,4
0.3245236631837738,4
0.19444444444444445,4
0.24528301886792453,4
0.2354515050167224,4
0.4224355735219808,4
0.23404255319148937,4
0.4413731609451627,4
0.40653873489694387,4
0.361339229311434,4
0.4797507788161994,4
0.419559902200489,4
0.175,4
0.4386292834890966,4
0.523442967109867,4
0.6176470588235294,4
0.40871236386931453,4
0.72,4
0.5102040816326531,4
0.4252416145537237,4
0.3795086251960272,4
0.4158645867905742,4
0.47981438515081204,4
0.42375601926163725,4
0.21951219512195122,4
0.41400940930475694,4
0.35056354450058297,4
0.3875460876689881,4
0.3254794520547945,4
0.15151515151515152,4
0.450255827174531,4
0.2987101154107264,4
0.33786178381571175,4
0.44472520530638027,4
0.2569145666871543,4
0.48080330773774366,4
0.24444444444444444,4
0.46453708716838116,4
0.22597212032281733,4
0.3141195134849286,4
0.3623529411764706,4
0.3715894326548289,4
0.24608501118568232,4
0.3382447149263293,4
0.68,4
0.5121819166215484,4
0.27554383651944625,4
0.29504373177842563,4
0.3015576323987539,4
0.47793618465716226,4
0.37338764426340804,4
0.2830188679245283,4
0.5345794392523364,4
0.5800922874093606,4
0.7307692307692307,4
0.29646266142616506,4
0.7368421052631579,4
0.5336567616737417,4
0.4407146724417975,4
0.16129032258064516,4
0.46080191502094553,4
0.3926901827454314,4
0.30015159171298633,4
0.3297157622739018,4
0.30942334739803096,4
0.34669067987393065,4
0.3110018438844499,4
0.5002320185614849,4
0.4061233678523188,4
0.4709030100334448,4
0.39412034910427196,4
0.5906040268456376,4
0.23826714801444043,4
0.28835774865073244,4
0.32878492527615333,4
0.4534470504619758,4
0.45743989603638724,4
0.31964624131396085,4
0.3971915747241725,4
0.32486709982279977,4
0.18980392156862744,4
0.20454545454545456,4
0.5974202308214528,4
0.5198395006687472,4
0.17073170731707318,4
0.37381309345327335,4
0.5267358339984038,4
0.3281193161149509,4
0.7647058823529411,3
0.5780697321879738,3
0.39407509472959007,3
0.1702127659574468,3
0.38596491228070173,3
0.4052964881980426,3
0.3152647975077882,3
0.3538546866333888,3
0.35548256695300656,3
0.4711844772661454,3
0.2463261021693492,3
0.24653922214897825,3
0.5080134178158777,3
0.3672999424294761,3
0.5127913587265491,3
0.7941176470588235,3
0.4484515876127009,3
0.39465999165623694,3
0.3978082191780822,3
0.5581617999042604,3
0.35013262599469497,3
0.454733360892931,3
0.33959115561118064,3
0.24259131633356307,3
0.4476987447698745,3
0.5388383484954513,3
0.3108167770419426,3
0.4823386114494519,3
0.5609924190213645,3
0.7027027027027027,3
0.5216040666478396,3
0.3638033991731741,3
0.32019405700424497,3
0.5133142154854567,3
0.2345415778251599,3
0.3685680095731951,3
0.4501909059354391,3
0.5327820437093916,3
0.2716049382716049,3
0.37166991552956463,3
0.4410757946210269,3
0.23607562595809914,3
0.27970660146699267,3
0.4769962982548916,3
0.3722897937599154,3
0.533737680060652,3
0.39306984298863024,3
0.4856512141280353,3
0.47480106100795755,3
0.32116788321167883,3
0.547915538711424,3
0.4514033264033264,3
0.5360043313481321,3
0.35469202149648615,3
0.5818181818181818,3
0.1559362079149439,3
0.48175182481751827,3
0.47013698630136985,3
0.39272482317278545,3
0.38670233091325945,3
0.45850701023114815,3
0.5142135186355022,3
0.36859741503111537,3
0.351824087956022,3
0.3053199691595991,3
0.36577017114914423,3
0.2951919493104734,3
0.4713493530499076,3
0.4754615038271049,3
0.5002842524161455,3
0.467622343054869,3
0.343005630142919,3
0.27711686494051785,3
0.5603395997574288,3
0.4269254093389933,3
0.28395820528580207,3
0.2779532533164877,3
0.49545257687310523,3
0.5134649910233393,3
0.21634910878918254,3
0.40930232558139534,3
0.21153846153846154,3
0.5892857142857143,3
0.3573362208987547,3
0.20408163265306123,3
0.38793503480278424,3
0.4225793806350451,3
0.46939921392476136,3
0.4655560558307069,3
0.25665569847442415,3
0.27959866220735785,3
0.41478743068391866,3
0.5159914712153518,3
0.4326982175783651,3
0.38728606356968215,3
0.4536082474226804,3
0.5739130434782609,3
0.3190507580751483,3
0.43654402645721374,3
0.365361803084223,3
0.2127659574468085,3
0.3955579058699101,3
0.25015792798483893,3
0.3894481082957306,3
0.41747225205871824,3
0.3368909512761021,3
0.8666666666666667,3
0.34509803921568627,3
0.7391304347826086,3
0.22742935906271536,3
0.6133528980190756,3
0.38835794960903564,3
0.3605864811133201,3
0.2193146417445483,3
0.4051108605787298,3
0.40266222961730447,3
0.459358687546607,3
0.2925122463261022,3
0.3484925907000511,3
0.39213275968039335,3
0.1794871794871795,3
0.4791800128122998,3
0.6774193548387096,3
0.44862155388471175,3
0.34876929495202336,3
0.4104158569762923,3
0.2534869617950273,3
0.5810711665443874,3
0.38953722334004026,3
0.39981185324553153,3
0.4259342638451148,3
0.38358974358974357,3
0.5273509526736324,3
0.22987092808850645,3
0.37880794701986753,3
0.46694966646452396,3
0.5265935850588713,3
0.38115863562533836,3
0.5289148797920727,3
0.38017280582082763,3
0.6041666666666666,3
0.5641025641025641,3
0.5167416291854073,3
0.3068526379624015,3
0.3105070569785677,3
0.3829309376754632,3
0.3863124718595227,3
0.13793103448275862,3
0.6003638568829593,3
0.47166186359269935,3
0.1891891891891892,3
0.43926788685524126,3
0.47870637207813,3
0.42706600110926235,3
0.573326520183955,3
0.30724261123741475,3
0.875,3
0.2648829431438127,3
0.4425010931351115,3
0.17557861133280128,3
0.6304347826086957,3
0.4002140181915463,3
0.506457046603032,3
0.3979328165374677,3
0.36952328465141915,3
0.627906976744186,3
0.5075807514831905,3
0.31597845601436264,3
0.5003790750568613,3
0.5069739235900546,3
0.3763037129745515,3
0.5628997867803838,3
0.38052530429212045,3
0.4561872909698997,3
0.3501136732705424,3
0.3501989766913019,3
0.532648569332355,3
0.5486552567237164,3
0.4036697247706422,3
0.3291442250149611,3
0.536333802156587,3
0.23747108712413262,3
0.15077881619937694,3
0.27139552814186585,3
0.5283597342871742,3
0.42332361516034983,3
0.40986301369863015,3
0.65625,3
0.5918367346938775,3
0.381976023150062,3
0.49217002237136465,3
0.3544575725026853,3
0.43234138124649074,3
0.41541425818882466,3
0.557504873294347,3
0.3136456211812627,3
0.47639670853183197,3
0.5424657534246575,3
0.3283582089552239,3
0.5297658862876254,3
0.3806841046277666,3
0.24743276283618582,3
0.3502653525398029,3
0.397084345713294,3
0.5394560855996433,3
0.5521870939800779,3
0.28592057761732853,3
0.4793936522974893,3
0.4180522565320665,3
0.49463464486458864,3
0.4877771461057419,3
0.3375342465753425,3
0.40644244433917576,3
0.3826086956521739,3
0.34451901565995524,3
0.46300067888662594,3
0.4127345082433201,3
0.4238921001926782,3
0.5686274509803921,3
0.3335075797177209,3
0.44563869367507236,3
0.5343669250645995,3
0.5655899802241265,3
0.2421129860601614,3
0.32575356953992596,3
0.46276293348493464,3
0.270733012306046,3
0.527736131934033,3
0.3779686710459828,3
0.4434188034188034,3
0.2395900064061499,3
0.12903225806451613,3
0.34425427872860637,3
0.6052631578947368,3
0.28585707146426786,3
0.5260196905766527,3
0.25390359809911744,3
0.4002799160251924,3
0.41204013377926424,3
0.49497367161321204,3
0.4853669518235029,3
0.400303260045489,3
0.39013107170393213,3
0.45478036175710596,3
0.8461538461538461,3
0.6170212765957447,3
0.5198253910512913,3
0.3218663503361012,3
0.31909055272442177,3
0.521460602178091,3
0.5126785193821043,3
0.33354390397978523,3
0.6216216216216216,3
0.414584186808685,3
0.3765281173594132,3
0.3709759836484415,3
0.31005765534913515,3
0.38362395754359363,3
0.4368994234465087,3
0.24339274738783037,3
0.43536842105263157,3
0.37684583579444775,3
0.3680083638264506,3
0.3176895306859206,3
0.1836734693877551,3
0.43506921555702044,3
0.2896469180131658,3
0.4371417653802063,3
0.38316400580551524,3
0.3119804400977995,3
0.615815255423373,3
0.41018644838562984,3
0.5597532767925983,3
0.2904645476772616,3
0.41395531164249316,3
0.43046007403490216,3
0.3980440097799511,3
0.4071919619249075,3
0.3919362400375059,3
0.383975602994178,3
0.32897196261682243,3
0.46862406447898675,3
0.5111111111111111,3
0.3690949227373068,3
0.5457767277023036,3
0.3300515705578997,3
0.35730858468677495,3
0.2658137882018479,3
0.5644314868804665,3
0.3786943812926275,3
0.6458333333333334,3
0.42219440967876515,3
0.34759152215799616,3
0.14814814814814814,3
0.3844360244826581,3
0.5290120230005227,3
0.33348644924207627,3
0.26104152933421226,3
0.4191763982790412,3
0.46622516556291393,3
0.5442936951316839,3
0.36924742826204654,3
0.5240931239848403,3
0.40022740193291645,3
0.494511238891793,3
0.30323914541695385,3
0.4759381898454746,3
0.5408727719729564,3
0.3910088865656038,3
0.48507119889756545,3
0.42359688652191724,3
0.35737491877842753,3
0.29085140137493387,3
0.354334438654666,3
0.40880195599022007,3
0.4869801787796347,3
0.4548587181254307,3
0.4576681180454765,3
0.5192307692307693,3
0.4168640454760777,3
0.5547050877982891,3
0.5083032490974729,3
0.3926309729418538,3
0.5224861040929762,3
0.36099390529770276,3
0.552012545739676,3
0.4309199020636586,2
0.39716952725082805,2
0.10810810810810811,2
0.361482613679786,2
0.4697508896797153,2
0.5050772626931568,2
0.4631578947368421,2
0.5410672853828307,2
0.5084280674245394,2
0.41072283389181424,2
0.40650233744156394,2
0.3634610085422982,2
0.3506797937177684,2
0.4708854667949952,2
0.42202486678507994,2
0.34192913385826773,2
0.21262080727686186,2
0.58,2
0.4744491326769808,2
0.31734085920351207,2
0.5824847250509165,2
0.3522254242715338,2
0.48470653072471753,2
0.3351421188630491,2
0.41198501872659177,2
0.3031694993109784,2
0.45302445302445304,2
0.5003248862897985,2
0.3910060975609756,2
0.4183546920214965,2
0.4458724666337123,2
0.36567784862766844,2
0.507367072389494,2
0.5059606321042418,2
0.3468677494199536,2
0.4049079754601227,2
0.35573521980798384,2
0.6444444444444445,2
0.46174027109750765,2
0.31678666161424784,2
0.542008843967151,2
0.49289548468582256,2
0.19642857142857142,2
0.33995584988962474,2
0.40013990905911156,2
0.3036946812829882,2
0.6067732831608654,2
0.28221574344023326,2
0.5002992220227409,2
0.5249813571961223,2
0.12,2
0.3334776959722824,2
0.5660377358490566,2
0.46569972559780476,2
0.4446171783909833,2
0.2609985170538804,2
0.34171138096582887,2
0.6285714285714286,2
0.4557857503789793,2
0.525828835774865,2
0.5057471264367817,2
0.43606684803731055,2
0.30479573712255775,2
0.4547542489664676,2
0.39038817005545284,2
0.6003898635477583,2
0.3685312593478911,2
0.5313195548489666,2
0.4802158273381295,2
0.3752131893121092,2
0.4264928766292816,2
0.2882466281310212,2
0.3578558225508318,2
0.3118724158298878,2
0.30012401818933443,2
0.43120344962759705,2
0.2573099415204678,2
0.2902048835251193,2
0.2245939675174014,2
0.4328815041539134,2
0.4644742184328055,2
0.08,2
0.2988777318369758,2
0.25940482874789444,2
0.09523809523809523,2
0.43322592194772647,2
0.5707395498392283,2
0.36277665995975855,2
0.4065467266366817,2
0.4175841710547311,2
0.3260091977516607,2
0.3255142547816673,2
0.43776966478592766,2
0.5080475857242828,2
0.4321297989031079,2
0.4930784442979565,2
0.43319268635724334,2
0.40402273721031917,2
0.4123568205484207,2
0.4739109621828626,2
0.14072494669509594,2
0.41099753260486427,2
0.6976744186046512,2
0.4537281861448969,2
0.35313001605136435,2
0.34753470560076594,2
0.5124434389140271,2
0.31264803410705827,2
0.40923182914226663,2
0.3311827956989247,2
0.24731732243229432,2
0.3588729609490855,2
0.4774682507169193,2
0.20602006688963212,2
0.2966684294024326,2
0.49581666060385593,2
0.22431372549019607,2
0.2556846892369884,2
0.3983903420523139,2
0.57984496124031,2
0.27196467991169976,2
0.22549647661755284,2
0.4641117245859045,2
0.5220830586684245,2
0.5405122843700993,2
0.2918048318332544,2
0.3197374589779653,2
0.5700687466948704,2
0.4768380790480238,2
0.4511814534106108,2
0.33587786259541985,2
0.2990067956089911,2
0.5219970341077608,2
0.31327514928801103,2
0.5437469105289174,2
0.44463157894736843,2
0.4435067979371777,2
0.4617178390983288,2
0.37253057384760113,2
0.5866666666666667,2
0.3313807531380753,2
0.40583440583440583,2
0.5371564302680693,2
0.4255096706743335,2
0.32945091514143093,2
0.4022503516174402,2
0.15625,2
0.3153732081067721,2
0.3861188671719186,2
0.3777262180974478,2
0.35873314518657884,2
0.6090969017798286,2
0.4177911044477761,2
0.5472636815920398,2
0.2704363859864782,2
0.40835266821345706,2
0.36252670125114433,2
0.4217565760142666,2
0.48102564102564105,2
0.4508172362555721,2
0.3274080198429103,2
0.48200270635994585,2
0.2037037037037037,2
0.4326433661350526,2
0.7894736842105263,2
0.37628361858190706,2
0.3206997084548105,2
0.43499752842313394,2
0.2598936798582398,2
0.39046034387132555,2
0.44016005820298293,2
0.43178554332216373,2
0.4662813102119461,2
0.2617214835549335,2
0.4998613806487386,2
0.4596747427812811,2
0.3934593765968319,2
0.15217391304347827,2
0.4509929532351057,2
0.5712545676004872,2
0.36164383561643837,2
0.45674740484429066,2
0.41280767626199416,2
0.38378502526412495,2
0.31169686985172984,2
0.36490101658640983,2
0.38030815482901165,2
0.3432902362906821,2
0.36685194542698335,2
0.56962911126662,2
0.317249029395452,2
0.2660861151427189,2
0.2562396006655574,2
0.4195086175284195,2
0.32421052631578945,2
0.45316762655350107,2
0.36374372601121935,2
0.6545454545454545,2
0.2500980007840063,2
0.5210800568450971,2
0.5167630057803468,2
0.476448294531673,2
0.4726824109975326,2
0.43357984113941384,2
0.10714285714285714,2
0.425161045850701,2
0.37718971300782705,2
0.4123300515705579,2
0.46536224219989425,2
0.21818181818181817,2
0.41981323589118963,2
0.3367852318775326,2
0.3938417472252059,2
0.14583333333333334,2
0.32771462171697374,2
0.45183374083129585,2
0.5957446808510638,2
0.5108853410740203,2
0.43019554342883126,2
0.41896618732996505,2
0.34966887417218545,2
0.4920071047957371,2
0.374009973599296,2
0.3078460769615192,2
0.35123367198838895,2
0.4160288158487168,2
0.4176600441501104,2
0.3487250172294969,2
0.42483660130718953,2
0.32668213457076567,2
0.2533103051237766,2
0.5952380952380952,2
0.6145251396648045,2
0.3799654576856649,2
0.4434108527131783,2
0.39233169861792244,2
0.561993769470405,2
0.37057832678270636,2
0.6130416130416131,2
0.3618771165940977,2
0.37133999311057525,2
0.36702649656526004,2
0.420671834625323,2
0.6097560975609756,2
0.3638511518015357,2
0.43982751862014896,2
0.3012224938875306,2
0.34687689508793207,2
0.524187725631769,2
0.32338079926504365,2
0.46186144156752973,2
0.37399065023374417,2
0.4998166483314998,2
0.2786413356361543,2
0.458906967042136,2
0.41429853425067303,2
0.40848806366047746,2
0.26680141485598785,2
0.2568356374807988,2
0.14893617021276595,2
0.38632800250862337,2
0.4168101963486049,2
0.37790501852475583,2
0.6341463414634146,2
0.3943705536653263,2
0.3224648519294047,2
0.4047010730710271,2
0.2240325865580448,2
0.41433164905833714,2
0.5427086716466385,2
0.5097862089732008,2
0.37693574958813836,2
0.5093013642000827,2
0.4288245717660957,2
0.305409286740067,2
0.42692897291773124,2
0.37108630547236593,2
0.46481320590790615,2
0.4515090543259557,2
0.28012733060482037,2
0.3174464363795365,2
0.22,2
0.4623472577436772,2
0.4276292953835474,2
0.34404865334491747,2
0.37513321492007107,2
0.40679660169915044,2
0.7741935483870968,2
0.28766344513928366,2
0.6585365853658537,2
0.506605222734255,2
0.4261052631578947,2
0.353969919552291,2
0.4641350210970464,2
0.48746355685131193,2
0.44026682838083686,2
0.552156862745098,2
0.3400220913107511,2
0.17731721358664365,2
0.25014961101137045,2
0.3514592933947773,2
0.4584615384615385,2
0.5349019607843137,2
0.26136829168373615,2
0.500222915737851,2
0.21327367636092467,2
0.5938766321476813,2
0.3589031586254773,2
0.49094736842105263,2
0.6466060181945417,2
0.2976324689966178,2
0.20006995452955578,2
0.5056234718826406,2
0.40383813099707966,2
0.42443729903536975,2
0.4830109775222164,2
0.524988743809095,2
0.2953659592897358,2
0.4491879350348028,2
0.3824807756603143,2
0.36290682122157825,2
0.41918451158697567,2
0.28187059577194107,2
0.267777065983344,2
0.5387755102040817,2
0.5109464466150219,2
0.28104241185487994,2
0.35918367346938773,2
0.3405902273826802,2
0.23087013554875382,2
0.6511627906976745,2
0.35085646780862373,2
0.3791287697462901,2
0.2501291989664083,2
0.6857142857142857,2
0.27286821705426356,2
0.4565121412803532,2
0.3101409731696226,2
0.43842616249361266,2
0.3469013568023469,2
0.42875703767864876,2
0.3550122249388753,2
0.5124792013311148,2
0.4262788365095286,2
0.3869897112512446,2
0.2970859985785359,2
0.5244129705553485,2
0.531501657981999,2
0.3637730176625329,2
0.45389473684210524,2
0.475697710881154,2
0.2893150684931507,2
0.5038817005545286,2
0.5002418964683115,2
0.47895500725689405,2
0.2742940960762743,2
0.4119482835488186,2
0.25287356321839083,2
0.44966785896780787,2
0.35592479230432883,2
0.5469981807155853,2
0.3586443586443586,2
0.5098039215686274,2
0.28274839347503705,2
0.3424825891028267,2
0.5253899767673416,2
0.3680823680823681,2
0.16934919524142758,2
0.21890547263681592,2
0.23203691496374423,2
0.39823399558498895,2
0.44365361803084225,2
0.3540937718684395,2
0.32160259880887926,2
0.308815272318922,2
0.16279069767441862,2
0.36751740139211136,2
0.5403523146251537,2
0.5278283012004366,2
0.37390904915020673,2
0.33712308452792883,2
0.36952068824252354,2
0.36612184249628527,2
0.5458304617505169,2
0.39581288845273144,2
0.34799802273850716,2
0.47751937984496123,2
0.12121212121212122,2
0.495537611559711,2
0.495364238410596,2
0.40813883901855175,2
0.2948779320248923,2
0.4018655266226195,2
0.220508866615266,2
0.725,2
0.3403852226081465,2
0.30787172011661806,2
0.39580209895052476,2
0.412445153570004,2
0.3335630599586492,2
0.2617662612374405,2
0.3501591632560255,2
0.5326916694324594,2
0.23183582917359954,2
0.37405857740585774,2
0.6578947368421053,2
0.24095585794888816,2
0.5150501672240803,2
0.5078071961982349,2
0.312677657760091,2
0.5067926757235677,2
0.33567287152883735,2
0.5717660956881275,2
0.4918801876578852,2
0.3827241079199304,2
0.675,2
0.4869215291750503,2
0.5259475218658892,2
0.6326530612244898,2
0.31126831733198584,2
0.5794094173982443,2
0.44878878028049296,2
0.28916518650088807,2
0.31266149870801035,2
0.4613501224204267,2
0.421254188606989,2
0.25775327360441075,2
0.2539349422875131,2
0.3479636219849743,2
0.4262554369315935,2
0.606192549588776,2
0.1231630510846746,2
0.419993057965984,2
0.3624382207578254,2
0.47252053063802907,2
0.37643932683790965,2
0.45790554414784396,2
0.2960556844547564,2
0.5726269315673289,2
0.4288034650785057,2
0.5694117647058824,2
0.25882352941176473,2
0.3963963963963964,2
0.5336752136752136,2
0.4059308072487644,2
0.5195130683852488,2
0.15802075019952114,2
0.4113188479029813,2
0.23268112109994712,2
0.14296028880866427,2
0.4895984518626028,2
0.44731977818853974,2
0.4308176100628931,2
0.3565961278703287,2
0.35344043649590784,2
0.26883910386965376,2
0.3490216816499207,2
0.2001516300227445,2
0.5654967869500741,2
0.6039215686274509,2
0.5658515658515658,2
0.5824436536180309,2
0.482833281781627,2
0.19061371841155234,2
0.3872387238723872,2
0.43774872086412736,2
0.3985141158989599,2
0.4618075801749271,2
0.4590690208667737,2
0.4382651276670164,2
0.5620848237097599,2
0.45212068211630957,2
0.480606330806955,2
0.39497307001795334,2
0.4042259990813045,2
0.36631444124239515,2
0.1956521739130435,2
0.5634559735427863,2
0.5516034985422741,2
0.3794292881781123,2
0.5717141429285357,2
0.19730941704035873,2
0.352,2
0.49507735583684953,2
0.33668561434193267,2
0.6014209591474245,2
0.5206496519721577,2
0.34135901551631886,2
0.47726324572382145,2
0.3246908655763861,2
0.3814405888538381,2
0.42718446601941745,2
0.38455772113943026,2
0.18,2
0.2942159812771648,2
0.5447195553309753,2
0.6739130434782609,2
0.5003073140749846,2
0.4644396551724138,2
0.23093072078376486,2
0.6445643793369313,2
0.5543945912722803,2
0.3059000375798572,2
0.2711432214194645,2
0.5002471576866041,2
0.43316156411033646,2
0.3855992420653719,2
0.5094736842105263,2
0.35412474849094566,2
0.29185091598231205,2
0.2601182355616189,2
0.587554846429996,2
0.4066543438077634,2
0.17656500802568217,2
0.5413870246085011,2
0.27059262020126723,2
0.455452865064695,2
0.3399702823179792,2
0.4833929483903935,2
0.3815028901734104,2
0.4370860927152318,2
0.4213046080191502,2
0.351691042047532,2
0.5913163335630599,2
0.35963041933191187,2
0.2913068508923431,2
0.5160363810435615,2
0.40347028320702033,2
0.35979258077383325,2
0.2604361370716511,2
0.30248545742993127,2
0.35950266429840144,2
0.6107501476668635,2
0.4913294797687861,2
0.36297786720321934,2
0.33633869070952566,2
0.5103338632750397,2
0.31353919239904987,2
0.4001455074572572,2
0.5659163987138264,2
0.3577829405907733,2
0.4556506078343089,2
0.3050471436494731,2
0.5194578049846961,2
0.3944031482291211,2
0.4201909959072306,2
0.44084778420038534,2
0.33357400722021663,2
0.39111111111111113,2
0.76,2
0.5229974160206718,2
0.5002030044660982,2
0.32867814225397857,2
0.2667821567778259,2
0.3372508942258559,2
0.4459601259181532,2
0.2769685039370079,2
0.5281111813013266,2
0.5564135564135564,2
0.44816296835212804,2
0.36605657237936773,2
0.5325116872078198,2
0.3854818523153942,2
0.42191780821917807,2
0.12507106310403637,2
0.30506288294098677,2
0.3334456045806669,2
0.2746321890325457,2
0.5368829728230726,2
0.3622108976871815,2
0.33342518600165333,2
0.25594923320994184,2
0.48668860305115164,2
0.35666271253459864,2
0.4370099320439101,2
0.48713345302214245,2
0.5035897435897436,2
0.41364232619151725,2
0.37323741007194244,2
0.46001045478306324,2
0.43349753694581283,2
0.4035154757355751,2
0.36475603979156795,2
0.6368022053756031,2
0.4506349856616141,2
0.31663788140472077,2
0.6078431372549019,2
0.41796200345423146,2
0.1819434872501723,2
0.36622005684125053,2
0.3807261621988463,2
0.555956678700361,2
0.32092065868263475,1
0.37074721780604136,1
0.5302491103202847,1
0.6070516096065406,1
0.6197046249514185,1
0.25013535462912834,1
0.3057099545224861,1
0.3046448087431694,1
0.501718884287835,1
0.5505876341338783,1
0.570164609053498,1
0.3654201292705448,1
0.5899396378269618,1
0.5333488805970149,1
0.38771343726800295,1
0.4367485624673288,1
0.32295023272466883,1
0.5226234003656307,1
0.36313705909625876,1
0.4175539568345324,1
0.4456993918331885,1
0.41463994296126117,1
0.4063943161634103,1
0.4628524306919029,1
0.38575342465753426,1
0.3280639431616341,1
0.4673752583407145,1
0.5097130242825607,1
0.4851220327649616,1
0.37204058624577224,1
0.40371477369769426,1
0.32649194821597727,1
0.49606837606837606,1
0.4083333333333333,1
0.4719004719004719,1
0.36563185951709,1
0.43156486847971465,1
0.22139396198285502,1
0.47981084030556564,1
0.29240993354319694,1
0.48593864134404674,1
0.5498721227621484,1
0.35311734277157636,1
0.4050268610897928,1
0.28750340321263274,1
0.5256762054096433,1
0.3150733977801647,1
0.5047976637463496,1
0.2774643212744773,1
0.2093761015156856,1
0.3297048863086599,1
0.5076376554174068,1
0.3512669212079139,1
0.41112650046168053,1
0.5778170793329964,1
0.24705221785513756,1
0.3924159231297186,1
0.6159155501421031,1
0.3168489065606362,1
0.3862014896119169,1
0.4789000816771032,1
0.4947343226424126,1
0.35385794583546243,1
0.4349510603588907,1
0.38581314878892736,1
0.5052887537993921,1
0.37543554006968644,1
0.4602091859936335,1
0.3038341506910388,1
0.2794980443285528,1
0.32725231546449624,1
0.2734877734877735,1
0.21368653421633554,1
0.6238630283574104,1
0.4564983888292159,1
0.7263389581804842,1
0.2351068667576171,1
0.4181885948565039,1
0.40615384615384614,1
0.5301412332070272,1
0.40178904211703315,1
0.4434838296509766,1
0.180669614655717,1
0.24690647482014388,1
0.4130162703379224,1
0.5143640825754294,1
0.40015816528272047,1
0.21069433359936154,1
0.5606758832565284,1
0.2696700507614213,1
0.37630378096479794,1
0.25300575013068477,1
0.40015157256536565,1
0.33344316309719935,1
0.24612053410321183,1
0.20326936744847193,1
0.1931364724660814,1
0.5002583979328166,1
0.27837089758797945,1
0.30169613857813066,1
0.15502882767456758,1
0.2565597667638484,1
0.03125,1
0.5032925682031985,1
0.26328386787936814,1
0.2080144079243584,1
0.4220276187268441,1
0.36859344894026974,1
0.5756114364450569,1
0.42427216225057246,1
0.3429402432575357,1
0.44083592205591643,1
0.3834083975010896,1
0.33955383955383955,1
0.42078671959581376,1
0.5290773939658941,1
0.3918150814702539,1
0.4738706820194863,1
0.4187522030313712,1
0.20499440924338427,1
0.4523364485981308,1
0.44354110207768743,1
0.30301638340223547,1
0.44200988467874797,1
0.41115769106739763,1
0.3819621870209504,1
0.541093032957864,1
0.37291052114060963,1
0.3587902523933856,1
0.4547155258709815,1
0.5650741350906096,1
0.48444231689803735,1
0.5492562447375807,1
0.4562913907284768,1
0.4543951501791127,1
0.23010459299681674,1
0.4418340280409246,1
0.5269651039830807,1
0.30985915492957744,1
0.2881047653692252,1
0.427772373540856,1
0.4349184311003124,1
0.5912144702842377,1
0.5321722302854378,1
0.4521833273186575,1
0.6070096942580164,1
0.36464088397790057,1
0.5061096902529127,1
0.4826485839648983,1
0.3930166463662201,1
0.2625745950554135,1
0.39215945089757126,1
0.6546883773161145,1
0.645031169783645,1
0.3098478783026421,1
0.31302196102691,1
0.605191256830601,1
0.4795005590756616,1
0.35671846435100546,1
0.5272500778573653,1
0.197658589708685,1
0.47420577091227045,1
0.40688976377952757,1
0.40549036043587594,1
0.5265404602821084,1
0.3953061972863953,1
0.6208023774145617,1
0.4040632054176072,1
0.2531574515857424,1
0.49735322425409045,1
0.5125685557586838,1
0.3936627282491944,1
0.229453483521068,1
0.3967071736573893,1
0.4169298799747315,1
0.25227362593910635,1
0.31636222308589196,1
0.48871673964297746,1
0.6730769230769231,1
0.42728564661297963,1
0.23626026531901453,1
0.5583777140516182,1
0.3688768606224628,1
0.617630544637844,1
0.5891864578069732,1
0.31419411250364326,1
0.3065051443743777,1
0.2748625687156422,1
0.4517785111844518,1
0.42153366027641553,1
0.33346988938959443,1
0.575013068478829,1
0.2806673209028459,1
0.35833050559891416,1
0.41527241527241526,1
0.6671987230646449,1
0.33597979068928185,1
0.45496939667735353,1
0.3733589497278258,1
0.3056520366277234,1
0.3001705514496873,1
0.16405667412378822,1
0.34108527131782945,1
0.4832881662149955,1
0.3201663201663202,1
0.5270773046713518,1
0.3902709554745682,1
0.3825503355704698,1
0.4010345766403485,1
0.29716343989194055,1
0.37849462365591396,1
0.43090452261306533,1
0.2843465773097176,1
0.5239887111947319,1
0.407024230873945,1
0.38780280492987673,1
0.41550260202684197,1
0.23883654240065547,1
0.426506873457878,1
0.3984585741811175,1
0.47767308480131093,1
0.5526525727961707,1
0.5133640552995392,1
0.4016534619359283,1
0.44098963557338683,1
0.48094413165872674,1
0.17343844754396603,1
0.39810526315789474,1
0.40110049232551404,1
0.30013642564802184,1
0.28898756660746006,1
0.14291514413317094,1
0.5391459074733096,1
0.515083295812697,1
0.2991925201869953,1
0.26286093594424165,1
0.20010700909577314,1
0.30560791705937795,1
0.29506051684658163,1
0.4203286205578907,1
0.3581102870041922,1
0.6039791567977262,1
0.5071965979718679,1
0.4286744056826203,1
0.37092042537587094,1
0.4196778995804574,1
0.5886287625418061,1
0.36281859070464767,1
0.1903420523138833,1
0.4418297197250132,1
0.34179613489958316,1
0.3657957244655582,1
0.20999438517686692,1
0.4234784626092336,1
0.48375812093953025,1
0.37201166180758016,1
0.45815217391304347,1
0.5403982228073062,1
0.24431517715494447,1
0.3435920992191089,1
0.5229603209986625,1
0.43215714805383776,1
0.354942798474626,1
0.4032428621783574,1
0.5610849327663487,1
0.2925782925782926,1
0.509692464655298,1
0.4759291202759918,1
0.36126315789473684,1
0.5002644103648863,1
0.4316224595246297,1
0.5361719718892104,1
0.33942953020134226,1
0.4820429104477612,1
0.23875968992248062,1
0.18526315789473685,1
0.3601637107776262,1
0.3385799230500175,1
0.32532347504621073,1
0.4646302250803859,1
0.36075949367088606,1
0.4502155172413793,1
0.5444579780755177,1
0.5390781563126252,1
0.36409043112513145,1
0.6704119850187266,1
0.49127080795777506,1
0.3877030162412993,1
0.484435117173837,1
0.3441848906560636,1
0.2881146909203021,1
0.4794824399260628,1
0.22987856537701215,1
0.18763326226012794,1
0.4130063634952662,1
0.5308584686774942,1
0.43100744805958446,1
0.7045454545454546,1
0.29470648116728876,1
0.2728883638511518,1
0.3209731543624161,1
0.5179826374534932,1
0.47485080988917305,1
0.32553134248049503,1
0.4249496981891348,1
0.5082851637764932,1
0.2935112189205579,1
0.2524436889077773,1
0.5612285600319107,1
0.3598298985933922,1
0.47956989247311826,1
0.5942766295707472,1
0.38956692913385826,1
0.2552204176334107,1
0.44920863309352516,1
0.5734886300610095,1
0.4573408401905587,1
0.21989005497251374,1
0.2765249537892791,1
0.3576268634241831,1
0.48021828103683495,1
0.4691810344827586,1
0.3460940536338904,1
0.2875816993464052,1
0.26953444051184317,1
0.3941509433962264,1
0.4839311908254434,1
0.26422647983986275,1
0.4456253089471083,1
0.41737089201877936,1
0.5418614534636634,1
0.5137353962740764,1
0.2215298952671351,1
0.44554833779136416,1
0.3007380073800738,1
0.5811904761904761,1
0.3438721136767318,1
0.3853149208487706,1
0.35079787234042553,1
0.1847445766270119,1
0.30222643297015633,1
0.4393074581430746,1
0.5807708964919879,1
0.4953251168720782,1
0.32410819286554293,1
0.29042904290429045,1
0.4435864435864436,1
0.5561959654178674,1
0.20006062443164596,1
0.4481288488867835,1
0.49053939565094606,1
0.3741906339406716,1
0.5602546612096407,1
0.23480278422273781,1
0.6389041095890411,1
0.33549844676645013,1
0.45586268390548373,1
0.536017529443988,1
0.2565099106101827,1
0.4449681175492099,1
0.47276361819090457,1
0.4200988467874794,1
0.46359143327841845,1
0.538031914893617,1
0.43628051269491386,1
0.4956195244055069,1
0.39482276119402987,1
0.5194260485651214,1
0.516209476309227,1
0.3591069970051729,1
0.30621713578719456,1
0.30287859824780977,1
0.11911207363291824,1
0.46510893590148406,1
0.49985611510791367,1
0.5975994946304485,1
0.38064516129032255,1
0.3234188034188034,1
0.3935892657472978,1
0.37547181115571265,1
0.32273838630806845,1
0.2693021529324425,1
0.2655935613682093,1
0.78125,1
0.5509933774834437,1
0.41653110233170654,1
0.2700770077007701,1
0.6080103359173127,1
0.3572878603329273,1
0.40998881848676855,1
0.5067887590779918,1
0.4062775007333529,1
0.37481304217768474,1
0.3831987533644992,1
0.5860338082232228,1
0.3841212744090442,1
0.46081307627829005,1
0.24230443377576955,1
0.3734971249346576,1
0.31647331786542926,1
0.38392384981491273,1
0.37853338795575586,1
0.6023936170212766,1
0.34127678181023174,1
0.5852125693160813,1
0.49424657534246574,1
0.3215590742996346,1
0.4968275331666987,1
0.23342175066312998,1
0.30489389346037243,1
0.3451809157861031,1
0.5296477931341953,1
0.3947292209672748,1
0.3269396551724138,1
0.30009093664746894,1
0.6024449877750612,1
0.2430939226519337,1
0.3659889094269871,1
0.44181925575900766,1
0.34068623136101966,1
0.2755102040816326,1
0.31594064145524176,1
0.6792452830188679,1
0.374822392725206,1
0.4543720190779014,1
0.45281400137268357,1
0.45974908520648194,1
0.5511512678519382,1
0.4107986039827551,1
0.6944444444444444,1
0.3779090583601862,1
0.4502380952380952,1
0.2613683771380893,1
0.4536379769299024,1
0.4425546685178757,1
0.5618515562649641,1
0.42576480493965757,1
0.3159154367770243,1
0.3801952580195258,1
0.33949779436715305,1
0.23184647302904565,1
0.273957769355712,1
0.4878137504547108,1
0.5969672785315243,1
0.4801076877056536,1
0.6226415094339622,1
0.46525593365742063,1
0.48036610569825805,1
0.5149844987943507,1
0.6966033390903857,1
0.43062751871042027,1
0.4998039984319875,1
0.16429056347589951,1
0.5410039761431411,1
0.6562266964951529,1
0.4020159399906235,1
0.3555054490792935,1
0.5426591598094413,1
0.2893649004133784,1
0.4742723492723493,1
0.460734352541487,1
0.2433428922572716,1
0.37315048718874055,1
0.4077008398035177,1
0.33346629437574793,1
0.35992723492723494,1
0.30865989356555396,1
0.2772983737139064,1
0.10641728474685586,1
0.4079802041447572,1
0.5617150281507146,1
0.9,1
0.5157055789967182,1
0.2871079093501426,1
0.42319482288828336,1
0.33812830687830686,1
0.05263157894736842,1
0.3770790020790021,1
0.36859458716856713,1
0.44221014492753624,1
0.4239056475391245,1
0.1320754716981132,1
0.7111111111111111,1
0.4320413436692506,1
0.4549414647427171,1
0.29539212694537686,1
0.31482412060301507,1
0.4117174959871589,1
0.37766176672619867,1
0.3170028818443804,1
0.16287678476996298,1
0.46414073071718537,1
0.4357330224424366,1
0.4930875576036866,1
0.32049608355091386,1
0.2744466800804829,1
0.40757894736842104,1
0.46241880606248065,1
0.4636716583471991,1
0.3635658914728682,1
0.4855472556024683,1
0.4483328740699917,1
0.573386827148111,1
0.20642367376398413,1
0.47315882874889087,1
0.23455628723737848,1
0.40339578454332553,1
0.490036231884058,1
0.35417653560713724,1
0.4247104247104247,1
0.3067596241285238,1
0.5805727119595733,1
0.6989169675090253,1
0.362094395280236,1
0.3158974358974359,1
0.3370998116760829,1
0.33155452436194893,1
0.47335072679836004,1
0.41701534170153415,1
0.4170755642787046,1
0.42128347183748843,1
0.24871531346351491,1
0.23045477772100154,1
0.3841320553780618,1
0.4214448669201521,1
0.3952934955050238,1
0.4301956636700159,1
0.2842377260981912,1
0.38583955829814875,1
0.6349153667441089,1
0.3169743358847366,1
0.5435148792813026,1
0.37261232176486414,1
0.6005285179475887,1
0.3767574692442882,1
0.5524531312325489,1
0.28138323069635246,1
0.33024282560706403,1
0.44200433034333436,1
0.4736716132120632,1
0.49517684887459806,1
0.4965317132882985,1
0.5612867443150305,1
0.4197769197769198,1
0.368171771392485,1
0.509905447996398,1
0.48274960794563515,1
0.2948449287510478,1
0.37763466042154564,1
0.2741663859885483,1
0.20760651987417786,1
0.39017735334242837,1
0.3724921979491752,1
0.26151560178306094,1
0.650958904109589,1
0.16520650813516896,1
0.41315550166717185,1
0.5227427019687713,1
0.2576644850155012,1
0.22739018087855298,1
0.3418705035971223,1
0.34630520332313075,1
0.314047619047619,1
0.535554131966688,1
0.31516661476175645,1
0.42285067873303167,1
0.37412199630314236,1
0.5122134535888764,1
0.37425024410656993,1
0.30397236614853196,1
0.3542006525285481,1
0.5428156748911466,1
0.3207219715376605,1
0.44382295719844356,1
0.4450327000934288,1
0.38832315003394435,1
0.08481110254433308,1
0.1567123287671233,1
0.4557004346372451,1
0.19519408502772642,1
0.515006821282401,1
0.5210801873794434,1
0.5116340560549973,1
0.4661498708010336,1
0.6384313725490196,1
0.4857068607068607,1
0.4732636754763368,1
0.48644138506466417,1
0.16673684210526316,1
0.3305654408857256,1
0.3926928281461434,1
0.6145833333333334,1
0.47806841046277665,1
0.5039707002211988,1
0.5396475178259115,1
0.2781813290287867,1
0.41863470802490893,1
0.43458814759597464,1
0.3965587873822204,1
0.4185616076150185,1
0.24689899586532782,1
0.300697350069735,1
0.3952348536419333,1
0.6036101083032491,1
0.18551587301587302,1
0.2415054887611082,1
0.23351023502653526,1
0.3332641196013289,1
0.30707721685165296,1
0.16140865737344093,1
0.3618187681393099,1
0.5117421007685738,1
0.5271424634885643,1
0.19607843137254902,1
0.5558362809499747,1
0.3849462365591398,1
0.24039478322171307,1
0.5177266576454669,1
0.3651640964808225,1
0.30617686268700933,1
0.4913249211356467,1
0.43329964628600304,1
0.2720989450709349,1
0.5322738386308068,1
0.5798090040927695,1
0.36552567237163813,1
0.38111736682546554,1
0.5838486722444526,1
0.6852324987225344,1
0.5954139137193937,1
0.3426558497011102,1
0.2942300343905235,1
0.5285807080220851,1
0.39699600385834366,1
0.30157138080909396,1
0.540018190086403,1
0.3465081723625557,1
0.38938978178492095,1
0.3562753036437247,1
0.4207394815129622,1
0.37185268695978957,1
0.5961592770403841,1
0.13643410852713178,1
0.47743467933491684,1
0.15555555555555556,1
0.31433677521842734,1
0.3334536268495128,1
0.330150068212824,1
0.38365943945002645,1
0.18690654672663667,1
0.3444745558566697,1
0.4372850071314708,1
0.038461538461538464,1
0.4664952595211313,1
0.5061530230069556,1
0.5459634328086947,1
0.3591138748542557,1
0.4326095862351495,1
0.25182829888712244,1
0.25415162454873647,1
0.6212365258332301,1
0.4231520223152022,1
0.47325176121616613,1
0.34386468804850806,1
0.5002186270222999,1
0.25972890249234803,1
0.3499379909053328,1
0.2674470959027465,1
0.3462749213011542,1
0.41020502543548637,1
0.35737764791818843,1
0.10416666666666667,1
0.4926924326079896,1
0.4752700397953383,1
0.2334512379989894,1
0.28033593976252535,1
0.2934222491664141,1
0.38719040247678016,1
0.417439293598234,1
0.4946782776971456,1
0.38695838695838697,1
0.3581447963800905,1
0.26718346253229974,1
0.31054081984154325,1
0.6589734757147778,1
0.5482866043613707,1
0.43572154471544716,1
0.3234413286142118,1
0.4983477576711251,1
0.44801173402868316,1
0.3665015758667267,1
0.4219858156028369,1
0.21869712351945855,1
0.5635128071092524,1
0.48828221363374724,1
0.5545293072824157,1
0.4693735498839907,1
0.26863157894736844,1
0.39995866060355517,1
0.7878787878787878,1
0.33767738198667824,1
0.42639109697933225,1
0.2527525131641934,1
0.39908256880733944,1
0.7023675310033822,1
0.3458119658119658,1
0.7096774193548387,1
0.6043434000678656,1
0.47464834805364736,1
0.3771804403774664,1
0.5336028297119757,1
0.512850929221036,1
0.2937567665102851,1
0.33960145944428854,1
0.3176296782665791,1
0.412625754527163,1
0.23090379008746356,1
0.49984428526938646,1
0.24301494476933072,1
0.391705069124424,1
0.3556323427781617,1
0.45707565660525284,1
0.35518268778422457,1
0.3880831046648373,1
0.5300695825049702,1
0.4911799294394355,1
0.3475530532698138,1
0.2806433721575152,1
0.6064782908339077,1
0.2223469960696238,1
0.5297443461160275,1
0.32493483927019984,1
0.37752037752037754,1
0.13513513513513514,1
0.46558704453441296,1
0.5865133298484057,1
0.5533314269373749,1
0.3579474342928661,1
0.3332650553052028,1
0.20012995451591942,1
0.5276286706662456,1
0.38609871924017847,1
0.5330101569713758,1
0.7714285714285715,1
0.5054972513743129,1
0.4677985948477752,1
0.41999609260525544,1
0.4030094864245993,1
0.327642402607481,1
0.3551192842942346,1
0.5577926920208799,1
0.34094076655052263,1
0.44390140246493837,1
0.2983645791783008,1
0.5352667382742571,1
0.22980030721966205,1
0.27621309806582967,1
0.4499810534293293,1
0.2891217119928667,1
0.26426426426426425,1
0.3890292313244316,1
0.16981132075471697,1
0.3786764705882353,1
0.3663269306154449,1
0.33348194382523405,1
0.18565400843881857,1
0.2913907284768212,1
0.3671255736337088,1
0.4531810035842294,1
0.2392486406327237,1
0.11716509627201967,1
0.40159309658148024,1
0.16491754122938532,1
0.3530591775325978,1
0.4185848252344416,1
0.4548139397519197,1
0.527578947368421,1
0.49236511706820496,1
0.36475409836065575,1
0.3865112724493695,1
0.1276595744680851,1
0.36925064599483204,1
0.3370033508855912,1
0.39449247518411784,1
0.6048910966755827,1
0.3841396871589669,1
0.36680560818491853,1
0.33060007454342155,1
0.352301973119817,1
0.595279217040875,1
0.41585210369740755,1
0.2737556561085973,1
0.3308270676691729,1
0.6611661166116611,1
0.4234884965222044,1
0.5792938360263316,1
0.36446951004582306,1
0.48781155847712954,1
0.22842821339061942,1
0.33976833976833976,1
0.4362083218517498,1
0.6305295950155764,1
0.3942914039163624,1
0.26657824933687,1
0.5562889622295563,1
0.587833996588971,1
0.487956698240866,1
0.37335152341973626,1
0.39210878288007134,1
0.5534591194968553,1
0.17451084082496035,1
0.3770759597059624,1
0.6898590268303775,1
0.31809830041341297,1
0.04878048780487805,1
0.4876155268022181,1
0.4372238586156112,1
0.40777439024390244,1
0.28236156949028235,1
0.40885206143896524,1
0.3146314631463146,1
0.46697643544639894,1
0.36701883325677537,1
0.38969216417910446,1
0.31328583403185245,1
0.2929357021996616,1
0.290873911641406,1
0.29065040650406504,1
0.6629966491144088,1
0.3822176801226367,1
0.24501160092807425,1
0.40543768594323437,1
0.24855332047395978,1
0.45619689422795195,1
0.3242395735340232,1
0.27381522259454283,1
0.6456655613453339,1
0.4116009280742459,1
0.45316750874465606,1
0.21440173253925285,1
0.402039949001275,1
0.5583111898435194,1
0.45896482699456675,1
0.39,1
0.5211815001943257,1
0.6671721000758151,1
0.36526845637583893,1
0.24585741811175338,1
0.3507142857142857,1
0.3270660253607346,1
0.25016722408026754,1
0.367813383600377,1
0.3175748827138217,1
0.4464487034949267,1
0.3667778114580176,1
0.45964768537484635,1
0.309011988424969,1
0.301231135822081,1
0.5020007275372863,1
0.3787065800621293,1
0.447812906019922,1
0.23084260731319556,1
0.5183561643835617,1
0.5869565217391305,1
0.3408555069046817,1
0.5282182835820896,1
0.4329568491167101,1
0.6145181476846058,1
0.2626492325184764,1
0.38463780789972307,1
0.36601705237515225,1
0.45865314989138306,1
0.24014554275318375,1
0.6917462099943852,1
0.4633796074676879,1
0.3916256157635468,1
0.2722735674676525,1
0.2516039051603905,1
0.2883690424136423,1
0.4648598989435002,1
0.3936213991769547,1
0.5792132804041862,1
0.7727272727272727,1
0.28297935985641637,1
0.29279112754158965,1
0.4874107478391582,1
0.323673651359786,1
0.1625923820352473,1
0.6090943113772455,1
0.384807596201899,1
0.29602649006622517,1
0.2645060115002614,1
0.4593967517401392,1
0.3134246575342466,1
0.4168421052631579,1
0.625355315520182,1
0.4021399910833705,1
0.35772357723577236,1
0.28680581438688035,1
0.3607901602683563,1
0.3203517587939699,1
0.35212804656238633,1
0.2717937971500419,1
0.3141676061630966,1
0.5175117616309461,1
0.6139710213217104,1
0.36532575426322694,1
0.1568627450980392,1
0.22765757290686736,1
0.25010931351114996,1
0.56071964017991,1
0.37729599518217405,1
0.3655443812855269,1
0.2096902303415409,1
0.5783540022547914,1
0.48528920093614175,1
0.29991338241663057,1
0.3649769585253456,1
0.3825234061524744,1
0.6320830007980845,1
0.4001819008640291,1
0.07407407407407407,1
0.44010858500169664,1
0.2910293509714758,1
0.5125047366426677,1
0.4922567929044066,1
0.3470997679814385,1
0.42170818505338076,1
0.8387096774193549,1
0.5053914674167839,1
0.444648598989435,1
0.3957839886309806,1
0.33803700219504546,1
0.3358233192594998,1
0.6808510638297872,1
0.2094130089899524,1
0.5037593984962406,1
0.5152151101783841,1
0.2901318781264211,1
0.45365512416928994,1
0.3466636197440585,1
0.4578034682080925,1
0.4675467546754675,1
0.22377343438372557,1
0.41857596052167784,1
0.4263883712262393,1
0.4147861232738296,1
0.4416637292915051,1
0.37891836031691356,1
0.2652054794520548,1
0.4342615438843849,1
0.4638280281107896,1
0.6248746238716149,1
0.4095358383328071,1
0.1443975621190811,1
0.5427330895795247,1
0.19555555555555557,1
0.5265231888451046,1
0.49574861367837336,1
0.351495288816059,1
0.3580660603159406,1
0.2001399580125962,1
0.481102585961921,1
0.619411215746161,1
0.5706260032102729,1
0.4125203915171289,1
0.2223826714801444,1
0.4287260916636593,1
0.1509433962264151,1
0.4387279724529066,1
0.5189170426935092,1
0.40454697425610164,1
0.5502291152626013,1
0.1346153846153846,1
0.48614138897539705,1
0.4426559356136821,1
0.5671184958460865,1
0.42428418312662686,1
0.20846493998736576,1
0.4624079915878023,1
0.4442690243132302,1
0.39814385150812065,1
0.3120567375886525,1
0.5104804901644631,1
0.3033917256802087,1
0.45452457510335326,1
0.25305263157894736,1
0.3408295852073963,1
0.38490945674044263,1
0.2980164489598452,1
0.4131084543125534,1
0.29698046181172294,1
0.39244491080797483,1
0.3761368557817237,1
0.46774870575066463,1
0.661526599845798,1
0.41697526292401127,1
0.35671483961931616,1
0.5320865419875321,1
0.3183462532299742,1
0.2501052631578947,1
0.3396431679721497,1
0.4308275426405559,1
0.4826110219368646,1
0.41233304916169367,1
0.44283239497618015,1
0.6364262746899403,1
0.30544949670253385,1
0.3563710040522287,1
0.45855045002368544,1
0.314387788242936,1
0.2754215636177823,1
0.25896201177100053,1
0.393807450411224,1
0.545968534906588,1
0.37302504816955684,1
0.2856927028252002,1
0.4609311189763136,1
0.21648936170212765,1
0.499830335934849,1
0.34105397365065876,1
0.5814382298709281,1
0.6117259946156147,1
0.5391242561506351,1
0.3903985507246377,1
0.43273575280571347,1
0.6595744680851063,1
0.2838709677419355,1
0.4815798207766346,1
0.312411179535765,1
0.3659165494608533,1
0.6595378564405113,1
0.6904761904761905,1
0.4298353909465021,1
0.2585590189064895,1
0.4023448670288819,1
0.3381364073006724,1
0.4133784291619692,1
0.36731793960923625,1
0.30066062375172836,1
0.4497288277012933,1
0.4618705035971223,1
0.3144899285250162,1
0.3935655539429124,1
0.5051115241635687,1
0.3780238997376858,1
0.5892052041736442,1
0.4120439780109945,1
0.18833600856072766,1
0.40019147917663955,1
0.34677174901485297,1
0.31789205269868254,1
0.5508431272355646,1
0.5002273760800364,1
0.3603913273400317,1
0.37808807733619765,1
0.4871990829193733,1
0.10776766969909027,1
0.1781931464174455,1
0.3454250135354629,1
0.36887417218543045,1
0.21109720483938257,1
0.30225711481844947,1
0.530775972493764,1
0.44110275689223055,1
0.5699107522311943,1
0.23214285714285715,1
0.5444816053511705,1
0.47432379459035673,1
0.46236148261367976,1
0.2847660139395951,1
0.5070840197693575,1
0.5427910562837317,1
0.5002105263157894,1
0.3314070351758794,1
0.5126168822851287,1
0.3027984258854394,1
0.2501184272856466,1
0.5235869103272418,1
0.3699408822191905,1
0.5637411915438821,1
0.4177579507842855,1
0.5628582346197937,1
0.6011887072808321,1
0.43615160349854226,1
0.30844888745565946,1
0.33558228219419184,1
0.3737781555461113,1
0.27347072293097807,1
0.40303221730890715,1
0.4448022671647559,1
0.5457050987597611,1
0.4660522273425499,1
0.6432748538011696,1
0.4031218187987784,1
0.2822873082287308,1
0.3413930484956725,1
0.47879251050821553,1
0.5193208430913349,1
0.495095853767276,1
0.5461052631578948,1
0.4301460457426288,1
0.2668283808368708,1
0.3007360672975815,1
0.33346288379323746,1
0.49350393700787404,1
0.6468116658428077,1
0.4768421052631579,1
0.23294923699782,1
0.3349014336917563,1
0.6346153846153846,1
0.5505766062602966,1
0.2952403393025448,1
0.2598157051282051,1
0.504225352112676,1
0.33349633251833743,1
0.3719534376136777,1
0.2218674160173713,1
0.41181375064135456,1
0.2772602739726027,1
0.37290346626910176,1
0.40113670355967695,1
0.26212611156022636,1
0.5648066135222911,1
0.6181818181818182,1
0.18082191780821918,1
0.42937399678972715,1
0.717391304347826,1
0.34864738805970147,1
0.2574389836175192,1
0.5046748831279217,1
0.37903705171388946,1
0.6171341925701289,1
0.3023488255872064,1
0.34155808150817857,1
0.6031152647975078,1
0.47600144352219415,1
0.3519721577726218,1
0.5510876730388925,1
0.5113693784739768,1
0.3320027768136064,1
0.2402021029632664,1
0.3138653588943379,1
0.39064530099610223,1
0.6423257095618627,1
0.4115898959881129,1
0.3905450165612767,1
0.12244897959183673,1
0.30921868540719305,1
0.43863847892567476,1
0.42710237659963435,1
0.3258753450530292,1
0.3434571329399514,1
0.33870390261367705,1
0.38852097130242824,1
0.2926947266569908,1
0.4488091555830498,1
0.23637759017651575,1
0.3623907863383638,1
0.3696869851729819,1
0.6940572267057961,1
0.5317639471138342,1
0.454529115744069,1
0.5497251374312844,1
0.45203488372093026,1
0.5254937988056959,1
0.3299467827769715,1
0.5342163355408388,1
0.32689450222882616,1
0.19748653500897667,1
0.4893722194760257,1
0.25815914924825817,1
0.40889114266396215,1
0.5792245093346099,1
0.43380281690140843,1
0.5052656773575873,1
0.5439293598233995,1
0.30976826048694633,1
0.5598399417970171,1
0.2321608040201005,1
0.3723625557206538,1
0.3816478368696611,1
0.40345110928512734,1
0.384764865915274,1
0.37130801687763715,1
0.4625916870415648,1
0.40837260881619075,1
0.3814010651372388,1
0.48341408870667163,1
0.4935354436023183,1
0.36426639621365786,1
0.30714000797766255,1
0.5446171560161197,1
0.4467913458012468,1
0.42122058236936577,1
0.565008025682183,1
0.27660044150110374,1
0.276006272869838,1
0.4523527085804666,1
0.23779351472232577,1
0.3716117749927135,1
0.3012873754152824,1
0.5775902484763245,1
0.46074600355239786,1
0.41678712810483454,1
0.6050821551394727,1
0.48076082203760384,1
0.4155299055613851,1
0.37315056570931243,1
0.5611710827608767,1
0.5998085208233604,1
0.2844404814979938,1
0.5558674901740596,1
0.2617934551636209,1
0.5082914572864322,1
0.3473442873519297,1
0.4401878398418191,1
0.6036036036036037,1
0.5872554204124801,1
0.40487804878048783,1
0.32886951105574586,1
0.49644293226105785,1
0.31121589760862245,1
0.4392744479495268,1
0.3550786230344241,1
0.3637866887143448,1
0.1282051282051282,1
0.2977801840822956,1
0.28580708022085094,1
0.13052076466710613,1
0.4936850968285153,1
0.27822944896115626,1
0.13228109733183013,1
0.5180882841022237,1
0.4128500823723229,1
0.36864837398373984,1
0.4287454323995128,1
0.509963768115942,1
0.85,1
0.44678277697145624,1
0.6410803127221038,1
0.25012357884330205,1
0.177167219327333,1
0.47087561067267947,1
0.23374415639609009,1
0.5153881488286634,1
0.5311622683885457,1
0.5747516989022478,1
0.4088572558323448,1
0.3630188679245283,1
0.18758882046423497,1
0.2090970807875085,1
0.35358682869462954,1
0.33776203129613225,1
0.28471493529206016,1
0.16962220508866616,1
0.3938976377952756,1
0.4184515974632045,1
0.29672447013487474,1
0.3683637946040035,1
0.3656842105263158,1
0.40489208633093526,1
0.13244147157190636,1
0.38294098677845856,1
0.20249052517596103,1
0.2308589195491644,1
0.4192842631661197,1
0.2717574396406513,1
0.6571428571428571,1
0.46036217303822935,1
0.21531375935521013,1
0.6144007579346281,1
0.3503480278422274,1
0.21488716739642977,1
0.2627032520325203,1
0.4734642178594047,1
0.3182901907356948,1
0.4841175695268222,1
0.4859246427024686,1
0.2026482440990213,1
0.3195030473511486,1
0.2295937383525904,1
0.5900111815132315,1
0.25648498979889245,1
0.7241379310344828,1
0.3853738701725555,1
0.3769047619047619,1
0.48977723527616723,1
0.3052849129022734,1
0.4233920524375256,1
0.3487092124230114,1
0.6188826331745344,1
0.5595520868680014,1
0.15011372251705837,1
0.449418399718012,1
0.7445573294629898,1
0.09433962264150944,1
0.5714629451395573,1
0.43732238711714555,1
0.5367714372902045,1
0.4664065151001018,1
0.39019671073847145,1
0.3063569682151589,1
0.5867749419953596,1
0.36898228006899797,1
0.6515074092999489,1
0.4312738632419299,1
0.4822253000923361,1
0.29820725841714035,1
0.23149192033070273,1
0.44337194337194336,1
0.18699532511687209,1
0.29910923581809656,1
0.33049127080795776,1
0.5561238988348963,1
0.47334963325183377,1
0.480863309352518,1
0.22817133443163098,1
0.5837018319646241,1
0.4947526236881559,1
0.37994542974079126,1
0.3578811369509044,1
0.21807580174927113,1
0.49152106885919833,1
0.5075571895424836,1
0.5672761368963901,1
0.43363423604145773,1
0.4693651233712226,1
0.5535888275414096,1
0.3309401709401709,1
0.3603416435826408,1
0.5894080996884735,1
0.4769687964338782,1
0.35891954916439955,1
0.7407407407407407,1
0.4677936461672982,1
0.5649303008070433,1
0.4172564372835416,1
0.5476304451890857,1
0.3728813559322034,1
0.2133065864259445,1
0.46686877436119534,1
0.5941719971570718,1
0.4075446278208151,1
0.41939586645468996,1
0.42780121894045947,1
0.57169373549884,1
0.33150616668742994,1
0.5403993855606759,1
0.6276021588280648,1
0.19810895992796038,1
0.3538509124652026,1
0.6016096579476862,1
0.5049805110437419,1
0.5907399751963621,1
0.4176899462778204,1
0.15529411764705883,1
0.32499684223822156,1
0.6486486486486487,1
0.39502245508982037,1
0.39696860339227713,1
0.5368421052631579,1
0.20612431444241316,1
0.32121986851716583,1
0.40889478924659806,1
0.35664893617021276,1
0.2770199370409234,1
0.38537291817523533,1
0.48913592723597776,1
0.36988918609094384,1
0.31316725978647686,1
0.402801724137931,1
0.2575416479063485,1
0.2900933820544052,1
0.3925564163017851,1
0.5521945432977462,1
0.60698335363378,1
0.365211115120895,1
0.5752895752895753,1
0.38275998418347174,1
0.3282415630550622,1
0.4000252620942276,1
0.5245033112582781,1
0.34425745497490406,1
0.379265818114739,1
0.2737022737022737,1
0.5111156022635408,1
0.5857171039652791,1
0.66,1
0.5227366680446466,1
0.3912506178942165,1
0.3427368421052632,1
0.5713020372010629,1
0.5724239090575725,1
0.18591549295774648,1
0.6921539230384808,1
0.5250245338567223,1
0.4508729192042225,1
0.13157894736842105,1
0.48168421052631577,1
0.2776842105263158,1
0.44441637190500255,1
0.35725885027606363,1
0.5978924015529673,1
0.18375870069605568,1
0.4097011693373755,1
0.31648675171736995,1
0.2801697998787144,1
0.14823133071308253,1
0.22488544236869934,1
0.5261268448344635,1
0.2681669010782935,1
0.4135964236164637,1
0.3712729748127978,1
0.1843207660083782,1
0.4645305375476907,1
0.47180793015642053,1
0.47845953002610964,1
0.47844998022933966,1
0.3237458193979933,1
0.27980922098569155,1
0.24331797235023042,1
0.2977941176470588,1
0.2541930674617965,1
0.299449753837243,1
0.5063013698630137,1
0.3829484902309059,1
0.6879886282871357,1
0.4692581300813008,1
0.3821428571428571,1
0.4671699438202247,1
0.4215898546241881,1
0.35313467492260064,1
0.364572864321608,1
0.5223981900452489,1
0.47928994082840237,1
0.27526467757459094,1
0.43767762890783596,1
0.4478919943154903,1
0.3717357910906298,1
0.34594135146621335,1
0.5370990904739109,1
0.41629547141796586,1
0.418252176717188,1
0.3130857341200972,1
0.30069582504970177,1
0.1924198250728863,1
0.32445718967636217,1
0.49707446808510636,1
0.2858302882663419,1
0.36231369765791344,1
0.22927522501184272,1
0.43765541740674957,1
0.451259328358209,1
0.21187800963081863,1
0.47397476340694006,1
0.2160206718346253,1
0.6537295330503335,1
0.49982238010657193,1
0.3334304867385602,1
0.3773058773058773,1
0.42219711945778027,1
0.3018563357546408,1
0.34651162790697676,1
0.2540599061710574,1
0.3778895199508013,1
0.4742147210501641,1
0.28776082217377763,1
0.35009946007388465,1
0.2640555906506633,1
0.7296190086030315,1
0.5916473317865429,1
0.5056847545219638,1
0.634788884879105,1
0.36308521387672615,1
0.340365682137834,1
0.6342088404868674,1
0.4293208976974643,1
0.22233451237998988,1
0.28737300435413643,1
0.504012227741689,1
0.28584686774942,1
0.4929928371223918,1
0.3212744772651842,1
0.3620614984841923,1
0.42991356632844796,1
0.49985791418016484,1
0.41760299625468167,1
0.3794590356722854,1
0.5981344733773805,1
0.36223327118292936,1
0.5581659719590754,1
0.4473432264241264,1
0.30079491255961843,1
0.3130934532733633,1
0.7450980392156863,1
0.34015461573442474,1
0.5452837279218339,1
0.27939369111020074,1
0.3262481463173505,1
0.37888942077549065,1
0.4081248318536454,1
0.18635755684351316,1
0.4198241891482267,1
0.5546218487394958,1
0.27121414771882896,1
0.3345076060848679,1
0.5532370251471375,1
0.3756154068925572,1
0.4105548037889039,1
0.39912113106610625,1
0.12508884150675195,1
0.3507528786536758,1
0.5587714116952156,1
0.43266287713161344,1
0.5639331519626894,1
0.39050093835715316,1
0.3669064748201439,1
0.4382849718492854,1
0.2889004149377593,1
0.5690954773869347,1
0.2907112320248737,1
0.3572483023324476,1
0.10344827586206896,1
0.34011896893588894,1
0.46866038508807867,1
0.47725682295311406,1
0.4092600248036379,1
0.41949817041296394,1
0.366748595505618,1
0.6029154518950437,1
0.11483967188665176,1
0.381018059566398,1
0.43865293865293864,1
0.4546681824641182,1
0.6520363780150257,1
0.2756892230576441,1
0.4512156615093148,1
0.5736810187992722,1
0.4615205223880597,1
0.26374534931789995,1
0.5900874635568513,1
0.8095238095238095,1
0.538898756660746,1
0.34181888845705405,1
0.5627669627669628,1
0.46998635743519784,1
0.3449357165255566,1
0.19380505825518612,1
0.2706946363522171,1
0.4729226953286482,1
0.32647199617041645,1
0.2934930574462292,1
0.5636363636363636,1
0.3833404164895878,1
0.33130618720253835,1
0.4119220481467329,1
0.5038195707530011,1
0.44045470949115845,1
0.5326127469250839,1
0.6109707686755684,1
0.39767441860465114,1
0.30042412818096137,1
0.37339622641509435,1
0.4581867388362652,1
0.5327241818954526,1
0.28167770419426047,1
0.5066206102475532,1
0.4943820224719101,1
0.25315068493150683,1
0.5542337298810357,1
0.2821334887787817,1
0.7619047619047619,1
0.38245526838966204,1
0.32804358124111793,1
0.5401540154015402,1
0.3400277008310249,1
0.4154118689105403,1
0.6214666120442441,1
0.3612251341964004,1
0.3583501006036217,1
0.4861809045226131,1
0.36357702349869453,1
0.4896381070213424,1
0.5002368545712932,1
0.5094121054155807,1
0.24772628843655262,1
0.30201630201630203,1
0.26142595978062155,1
0.5246315789473684,1
0.466487032670933,1
0.3958910433979686,1
0.3387553912507702,1
0.3262042389210019,1
0.38704156479217605,1
0.48528756130182793,1
0.44881889763779526,1
0.47028365601080596,1
0.2709616295594505,1
0.520973422990714,1
0.45816229870539943,1
0.541466024612092,1
0.2353840275124188,1
0.3667977970102282,1
0.3675880517164512,1
0.5158787441356911,1
0.2467289719626168,1
0.3355395683453237,1
0.288406390823433,1
0.43983025159139133,1
0.3058210251954822,1
0.4483450351053159,1
0.369169776119403,1
0.30903010033444817,1
0.18302828618968386,1
0.5898135516143702,1
0.5130784708249497,1
0.6239922605611093,1
0.5529622980251346,1
0.5024165202108963,1
0.49083944037308463,1
0.3147675012774655,1
0.32857616993030203,1
0.24116930572472595,1
0.20983125458547322,1
0.3373876255949233,1
0.46557437407952873,1
0.4571666204602162,1
0.48285163776493256,1
0.5513915679250482,1
0.4185614849187935,1
0.32634633989035794,1
0.6281690140845071,1
0.32756539235412474,1
0.4474918163319473,1
0.4385450278674098,1
0.5487894350696992,1
0.6336855587576049,1
0.47811352725218864,1
0.38202488202488205,1
0.27689809175801866,1
0.11294462779611295,1
0.19130434782608696,1
0.27848101265822783,1
0.3645472061657033,1
0.2782067782067782,1
0.32785632403515474,1
0.325783378746594,1
0.27282976324689967,1
0.3374417967680088,1
0.5466479137365213,1
0.20754716981132076,1
0.3393825615352524,1
0.12169637369391519,1
0.4936145510835913,1
0.5187368421052632,1
0.457572846621838,1
0.47674011892270024,1
0.27341618672324947,1
0.49425138870946905,1
0.28157628831256315,1
0.3537779850746269,1
0.3109062980030722,1
0.4915962801808719,1
0.4423168980373384,1
0.6423574676460301,1
0.36126783936276136,1
0.0714749837556855,1
0.08695652173913043,1
0.2825040128410915,1
0.42740671056757606,1
0.6031567080045096,1
0.1622618315918869,1
0.5058887975897014,1
0.3077901430842607,1
0.2500676589986468,1
0.3109225413402959,1
0.3645764937623112,1
0.4499747347145023,1
0.5845682166581502,1
0.4488005728607232,1
0.27214978268137746,1
0.6146848602988954,1
0.5233445224290509,1
0.40558802045288533,1
0.21154741580009312,1
0.517118037812979,1
0.36185489902767387,1
0.3679218967921897,1
0.48412925364598225,1
0.30651945320715035,1
0.5421965317919075,1
0.3560693641618497,1
0.3689899366380917,1
0.35691318327974275,1
0.05555555555555555,1
0.4788184998056743,1
0.3919053964023984,1
0.4475963620614985,1
0.39791183294663574,1
0.48133848133848134,1
0.4467991169977925,1
0.48489989820156093,1
0.6079447322970639,1
0.37738853503184716,1
0.22090962787950383,1
0.6003411028993746,1
0.3313441318556408,1
0.3635737253100597,1
0.42499319357473453,1
0.3304130162703379,1
0.2295140971805639,1
0.4063538205980066,1
0.6211764705882353,1
0.4756142280894756,1
0.3860873480414228,1
0.5641442026632023,1
0.22867042009527935,1
0.5698041692987997,1
0.6128482092097783,1
0.6727272727272727,1
0.2501136880400182,1
0.23667481662591688,1
0.5031203566121842,1
0.18956438487314506,1
0.43770724774988157,1
0.6258722069776558,1
0.24990526714664646,1
0.4611215834118756,1
0.392521608417888,1
0.4817948330563529,1
0.5226639655609014,1
0.5919282511210763,1
0.35830704521556256,1
0.25014212620807275,1
0.38494770350159163,1
0.338163174320107,1
0.3008830022075055,1
0.4314264759809314,1
0.4212181870174435,1
0.36728538283062645,1
0.49174917491749176,1
0.547995958235096,1
0.47458363504706735,1
0.42447835565244474,1
0.41755634638196915,1
0.21963394342762063,1
0.4601226993865031,1
0.34257246376811595,1
0.18583495776478232,1
0.5336122733612273,1
0.1284939507717981,1
0.45305855413804386,1
0.36013095671153145,1
0.3583071203889048,1
0.22073578595317725,1
0.37224409448818896,1
0.3243210028265946,1
0.3585144927536232,1
0.34543670264965654,1
0.34010436079016027,1
0.4275092936802974,1
0.2812992125984252,1
0.335934848998982,1
0.5407191961924908,1
0.5110663983903421,1
0.3987907465825447,1
0.46737518536826494,1
0.3139727846000664,1
0.6046938027136047,1
0.24456796361798888,1
0.49392488954344627,1
0.4462787550744249,1
0.28056556695314666,1
0.4069717400659877,1
0.39084814922763045,1
0.44677919393730625,1
0.44184514003294895,1
0.40604801477377656,1
0.4712569015914258,1
0.23540856031128404,1
0.47271599834642414,1
0.18245050829320492,1
0.44139356362562737,1
0.4437110377704437,1
0.45782714335300245,1
0.3770396753085397,1
0.4945625308947108,1
0.546975546975547,1
0.6542274052478134,1
0.6879210779595765,1
0.4939692222376265,1
0.3388338833883388,1
0.47151071615263984,1
0.38673883626522326,1
0.4747591522157996,1
0.312588803637397,1
0.3912565905096661,1
0.3266546600630347,1
0.0967741935483871,1
0.42164599774520856,1
0.30480591497227355,1
0.4735042735042735,1
0.3864967275232518,1
0.3055936856554564,1
0.28828257191201356,1
0.25652985074626866,1
0.19416157501697218,1
0.42246278755074423,1
0.4704112337011033,1
0.32152650822669104,1
0.3013698630136986,1
0.3361908311591502,1
0.4999401699174345,1
0.6261869065467266,1
0.35178947368421054,1
0.4938373048479869,1
0.2906372934697089,1
0.5129361034888279,1
0.3315268614514609,1
0.23425022182786157,1
0.5826137017846862,1
0.5571059431524548,1
0.629535002554931,1
0.21515892420537897,1
0.31064670996893534,1
0.5860948667966212,1
0.5396378269617707,1
0.2956820131541321,1
0.34203578762100323,1
0.21226740179186768,1
0.47246558197747185,1
0.22145088510933703,1
0.32394976180164575,1
0.32586978987254567,1
0.4851801953519704,1
0.504809794490599,1
0.2981029810298103,1
0.1980104216011369,1
0.2679658952496955,1
0.37640702386312475,1
0.31262687779131143,1
0.2054405196914332,1
0.32623264719961703,1
0.35409758408337283,1
0.3768296480847088,1
0.47772459499263625,1
0.42984014209591476,1
0.3751522533495737,1
0.5018095987411487,1
0.2808137215795772,1
0.33897031191281474,1
0.4816666666666667,1
0.34082687338501294,1
0.277602523659306,1
0.32778330019880714,1
0.3635826771653543,1
0.5393359258151361,1
0.49247743229689067,1
0.4523730501161633,1
0.043478260869565216,1
0.5257662512630515,1
0.2858689767190038,1
0.39860529986053,1
0.35109906654622103,1
0.29040774420651216,1
0.6123557365919892,1
0.453954910202522,1
0.34439060752888556,1
0.41367521367521365,1
0.5087291920422249,1
0.24452677669248907,1
0.30917608156516946,1
0.52617409512414,1
0.6334984241332733,1
0.5375375375375375,1
0.4327127659574468,1
0.3954113269946259,1
0.4320915224405984,1
0.2685382972230699,1
0.6202105263157894,1
0.2949526813880126,1
0.1930594335859593,1
0.46960556844547563,1
0.5048873778155546,1
0.3061630218687873,1
0.21801224132905858,1
0.36854700854700856,1
0.4273730684326711,1
0.4971803547626371,1
0.4476467477525119,1
0.4269911504424779,1
0.1266551525618883,1
0.26348255199154036,1
0.4688679245283019,1
0.10007581501137225,1
0.5110176282051282,1
0.2645386969829471,1
0.2872579918955426,1
0.2829581993569132,1
0.29229406554472986,1
0.2979683972911964,1
0.29229287090558764,1
0.23609149957639086,1
0.4470488562552951,1
0.5838035180882841,1
0.5342744672186779,1
0.27219300958861736,1
0.5396014307613695,1
0.5315770479971129,1
0.36688668866886687,1
0.3418589100635239,1
0.3217806041335453,1
0.3885135135135135,1
0.27190533173780085,1
0.3382401046777887,1
0.4119592174152659,1
0.5118984664198837,1
0.39276602131172145,1
0.4300892477688058,1
0.38015158692562767,1
0.40367239871757504,1
0.5591973244147157,1
0.25008119519324457,1
0.1482105263157895,1
0.3281237728736354,1
0.2879779538408543,1
0.6407300672430355,1
0.4055714870954527,1
0.4914740431981811,1
0.36255767963085034,1
0.39564256394063785,1
0.2890164677443723,1
0.32724181895452614,1
0.44449122807017544,1
0.39882473173224325,1
0.44641117245859047,1
0.407717618905175,1
0.7169811320754716,1
0.2974190905366653,1
0.676923076923077,1
0.39831578947368423,1
0.4260981912144703,1
0.36508463325589113,1
0.3542784970003158,1
0.324468085106383,1
0.4791431792559188,1
0.5117726657645467,1
0.26459372249926666,1
0.37238632592100895,1
0.24763619990995048,1
0.47645799892990903,1
0.14715719063545152,1
0.33137455288707207,1
0.4236896197327852,1
0.18046234153616703,1
0.40445089501693277,1
0.6114971572962729,1
0.4097584083372809,1
0.42877030162412993,1
0.5836096636665088,1
0.4140954855472556,1
0.4464068209500609,1
0.330635838150289,1
0.4349545274812179,1
0.5106434446057088,1
0.43454294901240237,1
0.48618348334122846,1
0.481563626282229,1
0.34500784108729743,1
0.26630637346254193,1
0.2688192586931601,1
0.4613672496025437,1
0.3767710049423394,1
0.6208287495416208,1
0.607471575527883,1
0.4783821478382148,1
0.5156305506216696,1
0.29941231054747913,1
0.38719866348199483,1
0.5961538461538461,1
0.2636660956237346,1
0.33326216908625106,1
0.4598735408560311,1
0.40261569416498993,1
0.21319418561311965,1
0.12707581227436823,1
0.36102564102564105,1
0.47057699656094765,1
0.32326032714166897,1
0.3664317745035234,1
0.26204656199242016,1
0.4556288962229556,1
0.5468006345848757,1
0.24719101123595505,1
0.5353130016051364,1
0.3119315141787052,1
0.3510171519744715,1
0.25824175824175827,1
0.4821025475653015,1
0.5454443885816435,1
0.395075421472937,1
0.34442993907745867,1
0.4883671742808799,1
0.6222839818089945,1
0.3782957585021016,1
0.29685157421289354,1
0.3605159597726279,1
0.38589928057553957,1
0.27631009094846254,1
0.3479714667855551,1
0.3731052704769851,1
0.35938189845474616,1
0.3584691170898067,1
0.4107669616519174,1
0.6481481481481481,1
0.551276102088167,1
0.47666365552544415,1
0.4417218543046358,1
0.23395672900623396,1
0.3496520874751491,1
0.6493202062822316,1
0.508586207933596,1
0.3368759268413248,1
0.29207688701359585,1
0.5170521364170914,1
0.5921650926897517,1
0.48332491157150076,1
0.39047461002323264,1
0.5856683509416628,1
0.4362460989745876,1
0.487149070778964,1
0.4097712510590229,1
0.523532522474881,1
0.35518945634266885,1
0.414321608040201,1
0.38108985925658606,1
0.5653809971777987,1
0.3545323741007194,1
0.5028933590520804,1
0.34109149277688605,1
0.2875065342394145,1
0.5355994487827285,1
0.3462906504065041,1
0.4586621570838031,1
0.5727163461538461,1
0.49982511367611054,1
0.42550309597523217,1
0.4573817292006525,1
0.32009699909063355,1
0.3251231527093596,1
0.3519461622408148,1
0.18930547019053473,1
0.41041854862993077,1
0.5801507537688442,1
0.33911368015414256,1
0.4769786910197869,1
0.3834785903751421,1
0.5147902869757175,1
0.44563133388112847,1
0.29424877396344185,1
0.18658442559753277,1
0.4010791366906475,1
0.2811292719167905,1
0.3907637655417407,1
0.3560337178349601,1
0.20010106114199092,1
0.43493530499075783,1
0.316859644168314,1
0.34738009426115884,1
0.5387306346826587,1
0.6194945848375452,1
0.25835591689250226,1
0.5106584557081951,1
0.3732253771073647,1
0.2114029468289558,1
0.5998346424142208,1
0.158624514697726,1
0.36440402728158494,1
0.31831335262505167,1
0.40638082864154756,1
0.20011370096645822,1
0.5737445630684065,1
0.6084818684695759,1
0.46855509355509356,1
0.19180018850141375,1
0.43691110200737404,1
0.37640449438202245,1
0.39373232799245994,1
0.393389662027833,1
0.46684350132625996,1
0.3250448028673835,1
0.40171858216971,1
0.5002707092582567,1
0.363761625904237,1
0.35567531155271137,1
0.1765380206343141,1
0.3914332784184514,1
0.40121677873839257,1
0.10613370089593384,1
0.6504927975739196,1
0.7526826775677057,1
0.5661971830985916,1
0.1987353206865402,1
0.2957690786872281,1
0.5296950240770465,1
0.4311639549436796,1
0.2189938122141512,1
0.4412041392285983,1
0.28074245939675174,1
0.5227367542761786,1
0.37606837606837606,1
0.5168574079802042,1
0.2030323005932762,1
0.4697343193645577,1
0.5604547020323803,1
0.3932038834951456,1
0.4081484176064023,1
0.2846580406654344,1
0.2636587945012337,1
0.5674347158218126,1
0.5933368588048652,1
0.5399933620975772,1
0.5554152194505841,1
0.4053312426499412,1
0.454031465093412,1
0.16238559196929436,1
0.11538461538461539,1
0.32575370464997444,1
0.4784972812654474,1
0.34939148073022314,1
0.4763765541740675,1
0.1388888888888889,1
0.30387273019444,1
0.5744825246012895,1
0.2792173453199365,1
0.5055050263283868,1
0.4509877003354454,1
0.4254958877600387,1
0.4189234369775995,1
0.5445238095238095,1
0.49022282855843563,1
0.324672256997756,1
0.619099177132958,1
0.3709046454767726,1
0.6125838926174496,1
0.2878639188747138,1
0.2035466461063994,1
0.3420132141469102,1
0.4415620641562064,1
0.2479595802565099,1
0.4532617904546738,1
0.40301624129930397,1
0.5050201961915753,1
0.3907863383637808,1
0.5600272851296043,1
0.3789004457652303,1
0.5330330330330331,1
0.5351665785298784,1
